mission_id,rocket_name,family,launch_date,launch_site,lat,lon,payload_kg,orbit,success,flight_time_min,cost_million_usd
1,rocket_13,atlas,2012-05-03,Kourou,5.241580825844003,-52.74778969430387,1493,GTO,1,22,34.78
2,rocket_53,ariane,2024-06-18,Vandenberg,34.70750164334974,-120.58364575058482,3838,SSO,1,124,21.3
3,rocket_17,electron,2001-05-03,Vandenberg,34.72941050078151,-120.56044559066174,1525,GTO,1,30,5.0
4,rocket_259,soyuz,2001-03-10,Kourou,5.223987226201624,-52.773833874995866,5618,Transfer,1,96,35.64
5,rocket_113,electron,2020-02-24,Jiuquan,40.95601099092336,100.30608697826511,703,LEO,1,4,29.92
6,rocket_217,ariane,2015-04-06,Jiuquan,40.97536933159991,100.30172736562379,2469,GTO,1,18,52.95
7,rocket_173,soyuz,2004-08-01,Vandenberg,34.71506643805277,-120.59001182532094,268,HEO,1,135,21.93
8,rocket_184,atlas,2015-06-06,Jiuquan,40.981219990449915,100.31692560238233,1761,LEO,0,1,39.18
9,,,2005-08-07,,30.371445357574586,130.94879233382628,1178,,0,-15,46.49
10,rocket_186,delta,2008-08-16,Vandenberg,34.74923272050095,-120.5853023950921,7359,LEO,0,13,45.05
11,rocket_149,soyuz,2003-07-31,Kourou,5.228027232199696,-52.7692172817495,1222,LEO,0,82,16.19
12,rocket_143,electron,2020-05-03,Plesetsk,62.95655788089483,40.46163459563453,2337,GTO,1,40,35.36
13,rocket_182,longmarch,2009-05-25,Jiuquan,40.965742337401124,100.30459025791725,1116,Transfer,0,130,47.37
14,rocket_88,atlas,2023-12-17,Kourou,5.228157836937356,-52.797270298962644,3243,GTO,0,30,25.09
15,rocket_195,vega,2012-02-09,Kourou,5.2280896709683935,-52.7737827371294,1092,Transfer,1,66,35.18
16,rocket_29,longmarch,2010-04-10,Cape Canaveral,28.401988007814456,-80.60714791831532,1405,MEO,1,157,
17,rocket_138,electron,2002-12-20,Kourou,5.22281635395127,-52.767921253911375,3337,SSO,1,122,23.51
18,rocket_109,longmarch,2022-05-24,Tanegashima,30.3978564562903,130.97203866065374,1455,Transfer,1,119,12.47
19,rocket_74,vega,2011-11-18,Baikonur,45.94738718362941,63.30653789897169,2082,GTO,1,73,50.88
20,rocket_300,delta,2019-03-21,Tanegashima,30.343986731378678,130.95837125949612,4013,MEO,1,121,22.45
21,rocket_71,soyuz,2022-11-09,Satish Dhawan,13.712134712020468,80.21268975252343,1624,LEO,1,27,27.59
22,rocket_57,falcon,2006-11-09,Baikonur,45.93285033530878,63.30869267717065,4286,Transfer,1,124,69.61
23,rocket_33,electron,2017-04-05,Tanegashima,30.387352816910223,130.9813414159396,1019,SSO,1,145,16.99
24,rocket_271,vega,2011-04-12,Cape Canaveral,28.434152490222896,-80.59618234158177,952,Transfer,1,125,19.28
25,rocket_275,atlas,2011-12-20,Plesetsk,62.94239954719862,40.49736779044808,1882,LEO,1,0,13.04
26,rocket_223,delta,2007-02-04,Satish Dhawan,13.702109711407491,80.21408379430069,5848,LEO,1,10,18.69
27,rocket_257,delta,2008-01-06,Vandenberg,34.79668844318123,-120.57052469139697,4845,Transfer,0,144,38.07
28,rocket_260,delta,2008-12-02,Baikonur,45.960530744293486,63.319280009881844,2187,MEO,1,98,37.24
29,rocket_277,ariane,2023-10-16,Cape Canaveral,28.417748423366927,-80.61250183425211,5946,SSO,0,110,61.66
30,rocket_251,longmarch,2000-11-15,Vandenberg,34.72432285127597,-120.5693254978811,1352,MEO,1,123,35.78
31,rocket_123,delta,2002-08-07,Kourou,5.216819838071464,-52.74035990791656,5116,SSO,0,137,45.99
32,rocket_44,atlas,2021-10-19,Vandenberg,34.75341781021386,-120.5496886871964,2310,SSO,0,130,87.79
33,rocket_66,ariane,2021-04-27,Baikonur,45.96830045596219,63.28788142164341,6908,MEO,0,96,27.49
34,rocket_109,electron,2024-03-10,Kourou,5.226561362684211,-52.74622098806066,420,Transfer,1,133,5.81
35,rocket_205,delta,2016-10-01,Satish Dhawan,13.767680719147851,80.26726827516642,5128,SSO,0,130,10.94
36,rocket_62,vega,2011-02-13,Kourou,5.222764270704632,-52.75095133330407,3226,LEO,0,-25,32.8
37,rocket_11,longmarch,2010-04-28,Kourou,5.229315058176993,-52.77435693813021,1085,LEO,1,0,54.92
38,rocket_31,atlas,2010-04-08,Vandenberg,34.78444312394025,-120.55175069478898,1135,LEO,0,-10,43.77
39,rocket_37,longmarch,2023-01-23,Kourou,5.235611157182009,-52.786651833131224,2538,MEO,1,115,58.08
40,rocket_110,vega,2024-03-09,Baikonur,45.95619911026606,63.30761481154572,2089,Transfer,1,152,8.55
41,rocket_125,vega,2021-03-20,Tanegashima,30.370950849483368,130.95821793214233,3382,GTO,0,53,43.65
42,rocket_50,atlas,2019-05-03,Plesetsk,62.96966066749312,40.43295824400955,1794,HEO,1,151,11.43
43,rocket_240,electron,2002-06-06,Vandenberg,34.75969980934373,-120.5816905949729,196,LEO,0,5,33.11
44,rocket_174,electron,2004-11-25,Kourou,5.252257242376779,-52.75540742316153,744,GTO,0,62,34.61
45,rocket_275,soyuz,2020-02-15,Baikonur,45.95161594543638,63.328238746354934,1157,HEO,0,84,11.69
46,rocket_143,ariane,2020-10-01,Kourou,5.249639059425899,-52.77420533513187,8105,LEO,0,41,50.32
47,rocket_282,vega,2004-05-23,Cape Canaveral,28.360996097997297,-80.6145944702358,1148,Transfer,0,158,45.98
48,rocket_48,falcon,2010-08-08,Baikonur,45.96475506454306,63.287054912570284,7409,HEO,0,132,59.43
49,rocket_247,vega,2009-08-03,Tanegashima,30.38727682682951,130.984157615762,651,LEO,1,8,42.06
50,rocket_195,ariane,2000-02-05,Tanegashima,30.346038313170055,130.92885072451247,4133,MEO,0,110,53.48
51,rocket_147,vega,2018-12-22,Satish Dhawan,13.713853515158474,80.2303087434202,936,GTO,0,4,53.55
52,rocket_152,soyuz,2009-10-06,Cape Canaveral,28.407223930284825,-80.57500422173995,864,SSO,1,126,17.59
53,rocket_161,falcon,2002-07-25,Cape Canaveral,28.39823005329038,-80.58598891387284,4782,SSO,1,113,56.87
54,rocket_258,vega,2023-10-28,Baikonur,46.00806364915024,63.28965304874224,1447,LEO,1,44,44.39
55,rocket_96,atlas,2003-01-27,Vandenberg,34.71294301081855,-120.55671987178172,2244,Transfer,1,117,44.64
56,rocket_207,soyuz,2005-05-18,Kourou,5.242835119515543,-52.73047658321568,184,SSO,1,104,32.26
57,rocket_42,falcon,2018-10-21,Plesetsk,62.94100485906725,40.469354011121155,6900,MEO,0,134,72.15
58,rocket_161,soyuz,2010-09-15,Jiuquan,40.95830920309495,100.32305632623947,352,HEO,0,85,50.31
59,rocket_154,ariane,2020-07-05,Plesetsk,62.957324666458675,40.47824916962196,1811,LEO,1,20,54.54
60,rocket_235,falcon,2004-06-26,Vandenberg,34.75623229756177,-120.59489284183675,4373,SSO,1,122,57.72
61,rocket_260,soyuz,2011-11-24,Baikonur,45.967297229364284,63.33602525709466,2568,MEO,1,124,60.71
62,rocket_126,atlas,2016-07-29,Jiuquan,40.9735075189917,100.32567263115064,839,GTO,1,40,44.57
63,rocket_279,vega,2013-07-27,Cape Canaveral,28.414558271204925,-80.60840055642085,1429,Transfer,1,85,51.67
64,rocket_54,delta,2006-01-09,Jiuquan,40.9265323512129,100.29718904602207,5400,LEO,0,47,9.3
65,rocket_284,atlas,2006-12-21,Jiuquan,40.958141773868974,100.2967939269049,1268,MEO,1,142,8.38
66,rocket_176,soyuz,2009-02-17,Jiuquan,40.94088547907329,100.30838093031035,1702,SSO,1,118,44.33
67,rocket_129,vega,2002-04-12,Vandenberg,34.74314948006048,-120.61805604980081,560,Transfer,1,91,27.13
68,rocket_142,electron,2001-12-23,Cape Canaveral,28.394590439006183,-80.61007839199067,296,MEO,0,106,33.21
69,rocket_135,ariane,2007-04-01,Satish Dhawan,13.767382834868013,80.22418551470766,6228,SSO,1,109,31.58
70,rocket_288,electron,2000-06-07,Vandenberg,34.8035776161691,-120.55000850177132,753,LEO,0,26,34.67
71,rocket_280,ariane,2001-08-13,Plesetsk,62.92326189754879,40.47104418245253,4744,SSO,1,103,36.43
72,rocket_221,ariane,2005-09-19,Cape Canaveral,28.39667754717367,-80.5760601172222,2877,MEO,1,153,63.22
73,rocket_21,longmarch,2016-01-19,Kourou,5.2282386162040515,-52.781368039366065,654,Transfer,1,111,53.73
74,rocket_53,soyuz,2015-11-12,Tanegashima,30.361987148617562,130.9472574923247,3291,SSO,0,92,38.44
75,rocket_122,ariane,2007-04-16,Baikonur,45.97280506537967,63.30330182335008,3815,HEO,1,69,60.27
76,rocket_92,falcon,2014-11-25,Tanegashima,30.376986646108584,130.97202774246742,5474,Transfer,1,130,35.34
77,rocket_137,soyuz,2007-02-21,Vandenberg,34.74759514699573,-120.62721909688919,2838,HEO,0,108,14.97
78,rocket_241,falcon,2009-12-23,Kourou,5.234678404027053,-52.79222032399525,4082,HEO,1,132,25.08
79,rocket_157,longmarch,2010-03-17,Kourou,5.258126582096569,-52.75256723701398,803,LEO,1,2,41.4
80,rocket_205,soyuz,2014-09-22,Jiuquan,40.96802291746742,100.28622029626568,946,LEO,1,26,26.95
81,rocket_180,delta,2022-11-07,Tanegashima,30.363109678945516,130.9687665703692,5173,Transfer,1,117,31.71
82,rocket_15,longmarch,2005-03-04,Jiuquan,40.97802249406863,100.29177952935665,136,GTO,0,50,61.13
83,rocket_20,delta,2004-11-11,Tanegashima,30.396031860813434,130.9401291007551,7402,MEO,1,106,5.0
84,rocket_224,longmarch,2022-12-10,Vandenberg,34.74671229116217,-120.55698269612226,2660,HEO,0,136,5.0
85,,,2001-12-28,,30.394318440159193,130.95864109742305,2457,,1,25,48.71
86,rocket_187,soyuz,2019-05-07,Vandenberg,34.743431324744385,-120.5819531489353,474,Transfer,1,136,17.16
87,rocket_161,longmarch,2005-08-03,Jiuquan,40.95205184115101,100.28724708453306,1457,SSO,1,145,23.33
88,rocket_210,delta,2014-08-19,Tanegashima,30.359524216017928,130.93210690593378,6927,Transfer,0,128,58.15
89,rocket_284,delta,2005-09-16,Kourou,5.231943075606597,-52.767061691300995,1442,HEO,1,123,69.65
90,rocket_90,electron,2013-07-01,Tanegashima,30.4126404899295,130.9839084009231,4064,SSO,0,104,37.07
91,rocket_156,falcon,2012-11-13,Kourou,5.28677382203475,-52.75752094665784,8186,HEO,0,118,61.72
92,rocket_239,longmarch,2019-10-26,Satish Dhawan,13.736363411679239,80.23186635934377,676,Transfer,1,99,5.18
93,rocket_262,soyuz,2021-03-23,Baikonur,45.942491619845065,63.30201926666541,2079,Transfer,0,89,26.09
94,rocket_146,atlas,2023-02-14,Plesetsk,62.96397912189891,40.49453130059096,486,LEO,1,10,40.44
95,rocket_159,soyuz,2010-01-28,Kourou,5.2224486757453255,-52.76501426873055,50,GTO,1,45,32.37
96,rocket_24,falcon,2010-12-25,Satish Dhawan,13.71924493459568,80.21953150457733,3434,SSO,0,108,41.8
97,rocket_234,atlas,2018-08-04,Kourou,5.194432466901621,-52.79281280155375,925,Transfer,1,147,5.0
98,rocket_254,electron,2017-12-04,Kourou,5.213788483090683,-52.73295459113153,1855,GTO,1,16,18.33
99,rocket_55,falcon,2019-01-26,Kourou,5.237974915552747,-52.770606902919745,6871,GTO,1,30,39.08
100,rocket_26,vega,2011-03-06,Vandenberg,34.75621919936407,-120.56351473377028,1500,HEO,1,115,24.38
101,rocket_238,ariane,2023-10-29,Plesetsk,62.89360441655863,40.507293738685256,4278,HEO,1,106,35.94
102,rocket_281,electron,2020-01-01,Baikonur,45.93939141295008,63.340095883639684,1983,Transfer,1,88,39.09
103,rocket_231,vega,2011-08-17,Kourou,5.229285698542268,-52.74107911585071,3663,Transfer,1,139,29.54
104,rocket_267,delta,2021-09-26,Kourou,5.236368678661307,-52.76104836589277,9310,MEO,1,123,27.24
105,rocket_40,vega,2012-10-25,Kourou,5.276111480912799,-52.75364816840414,579,MEO,1,87,38.28
106,rocket_164,longmarch,2024-03-24,Vandenberg,34.77530948888925,-120.55211259869964,438,GTO,1,50,44.74
107,rocket_119,ariane,2017-03-07,Baikonur,45.93631270065683,63.31662044019732,1318,Transfer,1,113,52.98
108,rocket_33,soyuz,2018-08-11,Tanegashima,30.35601202222336,131.00964764129674,2548,MEO,1,100,45.8
109,rocket_213,vega,2002-10-17,Kourou,5.235893270583267,-52.78117537651563,1486,HEO,0,132,7.21
110,rocket_300,electron,2000-11-16,Tanegashima,30.362460658844245,130.99324897115994,2879,HEO,0,119,
111,rocket_181,falcon,2013-05-24,Tanegashima,30.33974266142258,130.97988270405233,6415,HEO,0,98,63.94
112,,,2009-11-04,,40.97179580895862,100.31991561451109,2138,,1,127,39.16
113,rocket_15,vega,2017-06-11,Plesetsk,62.94336969469277,40.47467695308492,2167,Transfer,1,89,29.13
114,rocket_85,electron,2020-12-18,Baikonur,45.96556636752261,63.30559512278992,1393,SSO,0,119,40.22
115,rocket_202,falcon,2001-03-20,Vandenberg,34.721150302515454,-120.54684146341523,6876,Transfer,1,91,57.52
116,rocket_70,electron,2020-09-16,Baikonur,45.98563689078938,63.27528879253926,50,LEO,1,43,32.95
117,rocket_195,delta,2014-09-07,Kourou,5.260463419011829,-52.7816686358026,5534,HEO,1,134,30.71
118,rocket_173,longmarch,2017-01-02,Jiuquan,40.99219144291462,100.28784279945694,519,HEO,0,111,51.8
119,rocket_42,delta,2021-02-04,Cape Canaveral,28.35816343397785,-80.62980691663293,4159,Transfer,1,99,14.24
120,rocket_180,falcon,2010-01-21,Vandenberg,34.74101072580695,-120.55890361015668,2858,Transfer,0,139,46.79
121,rocket_16,falcon,2011-02-03,Kourou,5.204600793246853,-52.766520740718526,2754,LEO,0,38,74.32
122,rocket_123,ariane,2005-08-30,Satish Dhawan,13.748310084959797,80.21898507412502,3964,Transfer,1,107,67.84
123,rocket_289,atlas,2009-10-11,Satish Dhawan,13.767047527300655,80.24915676603133,1164,Transfer,0,105,19.45
124,rocket_189,delta,2007-07-12,Vandenberg,34.7477173078145,-120.56571086420026,3319,GTO,0,32,24.18
125,rocket_56,delta,2001-02-24,Jiuquan,40.978282016731185,100.27928632417189,6317,SSO,1,85,11.14
126,rocket_204,electron,2008-11-23,Vandenberg,34.74167154207854,-120.54863213453105,1181,SSO,1,109,33.36
127,rocket_53,soyuz,2013-07-12,Vandenberg,34.709212074646715,-120.56314902894705,5553,SSO,0,146,13.02
128,rocket_178,falcon,2023-11-24,Tanegashima,30.396333493791783,130.9803859118089,5480,Transfer,0,136,57.61
129,rocket_36,longmarch,2022-09-11,Plesetsk,62.91320919357839,40.48189911035123,3264,LEO,1,7,17.5
130,rocket_251,electron,2004-09-25,Tanegashima,30.347802877180403,130.97192507132053,1336,MEO,1,123,30.7
131,rocket_79,vega,2019-07-15,Baikonur,45.975760447095944,63.30595908100566,1790,Transfer,0,125,23.98
132,rocket_276,delta,2021-09-08,Satish Dhawan,13.741372634997196,80.20986969401179,7417,HEO,0,111,32.91
133,rocket_166,delta,2011-01-05,Vandenberg,34.74934204533576,-120.58291610774626,5265,MEO,1,110,31.92
134,rocket_125,vega,2020-11-04,Tanegashima,30.346039721991676,130.9130238808676,237,MEO,0,108,58.22
135,rocket_254,falcon,2014-07-31,Baikonur,45.960551744430894,63.28206082742533,5880,HEO,0,142,69.66
136,rocket_182,soyuz,2011-08-03,Plesetsk,62.92608827967289,40.476866788986456,270,MEO,1,89,19.62
137,rocket_285,delta,2000-06-15,Kourou,5.255010055105652,-52.77485951656605,4517,LEO,1,16,26.56
138,rocket_209,soyuz,2021-11-30,Kourou,5.247395345604644,-52.75904582879966,1511,Transfer,1,126,36.85
139,rocket_252,vega,2020-02-07,Cape Canaveral,28.376222649943973,-80.60665433019298,1785,LEO,1,39,37.37
140,rocket_114,delta,2018-02-20,Kourou,5.238562088298216,-52.7816210331495,5749,MEO,1,119,8.54
141,rocket_243,longmarch,2023-10-25,Plesetsk,62.923539302426065,40.458236806197995,2181,HEO,1,114,29.62
142,rocket_181,longmarch,2020-05-09,Jiuquan,40.94126047713741,100.29734577287716,5444,MEO,1,135,36.38
143,rocket_119,delta,2005-05-30,Kourou,5.218473626640516,-52.76724679533664,4992,MEO,0,130,56.72
144,rocket_275,atlas,2008-04-21,Kourou,5.27195373053699,-52.75518314277466,50,GTO,1,24,25.78
145,rocket_142,vega,2023-07-14,Jiuquan,40.996839602482694,100.30545851457383,642,LEO,1,20,18.02
146,rocket_152,soyuz,2010-03-16,Plesetsk,62.95334788131269,40.47595199209385,1286,GTO,0,65,21.97
147,rocket_8,delta,2023-12-17,Baikonur,45.9443684750626,63.294414035249076,9150,MEO,0,112,
148,rocket_28,falcon,2013-02-07,Baikonur,45.965760069563366,63.30740062653437,6237,Transfer,1,154,56.54
149,rocket_53,vega,2000-07-19,Jiuquan,40.979257581686575,100.31576317097237,1727,HEO,1,141,28.34
150,rocket_226,vega,2015-04-14,Baikonur,45.99867855382916,63.29582231474262,3228,LEO,1,19,45.71
151,rocket_245,delta,2005-02-12,Vandenberg,34.75800996483532,-120.56881450791147,7157,HEO,0,87,21.41
152,rocket_38,vega,2002-05-28,Baikonur,45.97488060372566,63.31021347531648,1565,GTO,0,32,35.94
153,rocket_44,delta,2011-02-18,Vandenberg,34.708990175799244,-120.57340845703443,3899,SSO,0,126,25.63
154,rocket_116,electron,2023-06-10,Tanegashima,30.367751181171936,130.93460660210746,186,HEO,1,142,5.0
155,rocket_153,vega,2019-03-27,Jiuquan,40.9186968495464,100.30338347784492,2089,SSO,0,88,25.91
156,rocket_51,falcon,2009-04-27,Kourou,5.229026957311842,-52.774985154086366,4481,MEO,1,150,62.75
157,rocket_81,atlas,2010-10-04,Baikonur,45.95893383076128,63.3125945237388,143,SSO,1,127,49.48
158,rocket_81,atlas,2000-02-13,Tanegashima,30.38965280154431,130.9553856683978,153,HEO,1,134,30.78
159,rocket_150,vega,2001-06-18,Kourou,5.233328403173895,-52.746282673162646,657,MEO,1,122,36.79
160,rocket_233,delta,2003-03-12,Kourou,5.248255478101251,-52.78906831126347,798,MEO,1,142,14.4
161,rocket_218,soyuz,2005-02-23,Kourou,5.235382247288568,-52.72793185465636,747,Transfer,0,130,16.24
162,rocket_137,ariane,2006-05-19,Vandenberg,34.754774604440584,-120.59526009825461,6925,LEO,0,37,67.81
163,rocket_158,ariane,2012-12-11,Satish Dhawan,13.726712000381998,80.2591036309838,8266,LEO,1,35,46.21
164,rocket_156,vega,2018-01-20,Jiuquan,40.972548001396994,100.31232345484622,1628,SSO,1,143,11.59
165,rocket_225,vega,2003-08-10,Cape Canaveral,28.371276548331274,-80.63853381431177,95,HEO,0,122,14.57
166,rocket_129,longmarch,2001-02-27,Vandenberg,34.77484030320272,-120.55220365821314,1270,GTO,1,32,10.15
167,rocket_138,falcon,2001-10-21,Baikonur,45.95591511449694,63.304601292095086,3623,HEO,1,121,66.89
168,rocket_143,vega,2008-02-21,Tanegashima,30.40268545637021,130.96827818240104,1813,Transfer,1,140,66.6
169,rocket_47,vega,2021-01-30,Plesetsk,62.92322206624431,40.48306146552881,1689,HEO,0,114,35.88
170,rocket_165,longmarch,2004-09-09,Baikonur,45.96859788302307,63.33284004572689,432,MEO,1,100,13.45
171,rocket_254,electron,2012-12-05,Tanegashima,30.37231463793285,130.95381552243805,2336,SSO,0,107,6.2
172,rocket_233,falcon,2003-12-13,Plesetsk,62.89514012532937,40.48080949475921,3061,MEO,1,107,54.8
173,rocket_60,longmarch,2018-02-17,Cape Canaveral,28.406276226664932,-80.60287469182711,460,Transfer,0,108,
174,rocket_212,vega,2002-06-07,Kourou,5.207947894564006,-52.733008465136265,2912,SSO,0,105,20.06
175,rocket_256,longmarch,2019-10-30,Cape Canaveral,28.433228460933975,-80.62222287962531,1987,GTO,0,61,21.59
176,,,2005-11-16,,40.97327553761864,100.30657598194902,5478,,1,96,34.65
177,rocket_63,vega,2001-04-17,Kourou,5.205261040799473,-52.762644975512714,129,Transfer,1,144,54.35
178,rocket_160,ariane,2000-08-12,Tanegashima,30.408554016281528,130.94592823516584,7918,LEO,0,-1,74.59
179,rocket_59,soyuz,2020-09-12,Vandenberg,34.730268718408745,-120.57635070451394,1637,Transfer,1,97,19.33
180,rocket_256,ariane,2013-02-02,Jiuquan,40.96721760464429,100.31497057923218,3481,HEO,0,124,26.66
181,rocket_242,vega,2010-12-07,Satish Dhawan,13.714690028761227,80.26493667684437,3487,SSO,1,133,59.2
182,rocket_197,ariane,2008-07-19,Baikonur,45.96838721648073,63.2767257100619,5192,LEO,0,25,36.19
183,rocket_213,delta,2015-03-31,Jiuquan,40.94992181797366,100.2701571194757,4777,LEO,0,41,11.78
184,rocket_153,delta,2021-12-18,Baikonur,45.9688409823298,63.29881767071595,5145,HEO,0,166,35.9
185,rocket_177,vega,2014-11-29,Tanegashima,30.360914245836177,130.95222238504266,767,HEO,0,98,16.65
186,rocket_97,longmarch,2010-09-17,Tanegashima,30.38277157209062,131.00685999034866,674,GTO,1,22,5.0
187,rocket_23,electron,2014-04-10,Satish Dhawan,13.711128255874854,80.25372605494474,487,Transfer,0,112,36.96
188,rocket_198,electron,2006-10-28,Satish Dhawan,13.73063019687141,80.21243064036418,1636,LEO,1,11,18.66
189,rocket_258,ariane,2014-11-22,Vandenberg,34.791297552717154,-120.57840280568786,5056,HEO,1,115,52.96
190,rocket_270,atlas,2020-06-30,Cape Canaveral,28.384646755956815,-80.60939842605971,800,Transfer,1,98,25.42
191,rocket_210,ariane,2006-12-04,Vandenberg,34.68423457589614,-120.56653461371734,5113,HEO,0,83,40.3
192,rocket_174,delta,2017-10-30,Vandenberg,34.737731142581396,-120.542585477263,5566,MEO,1,150,48.28
193,rocket_163,electron,2021-11-20,Cape Canaveral,28.389492515680903,-80.61979413514436,797,SSO,0,108,23.84
194,rocket_121,atlas,2012-11-21,Kourou,5.244738763394927,-52.744187074504275,1104,Transfer,1,123,30.05
195,rocket_223,atlas,2004-05-31,Vandenberg,34.739429850382884,-120.55261261123437,2399,HEO,1,99,26.87
196,rocket_154,ariane,2001-04-19,Cape Canaveral,28.385306791985467,-80.6574798458429,3985,MEO,1,130,61.39
197,rocket_151,falcon,2016-01-30,Plesetsk,62.887796839834124,40.51321117233232,3907,HEO,1,100,49.54
198,rocket_126,ariane,2023-10-29,Tanegashima,30.34756197714137,130.92472877204247,2613,SSO,1,116,75.68
199,rocket_88,ariane,2007-11-08,Vandenberg,34.71001727027106,-120.58053446166093,7942,SSO,0,142,33.19
200,rocket_124,electron,2022-04-28,Baikonur,45.99103482578798,63.336230223934535,323,GTO,1,59,34.49
201,rocket_131,vega,2020-08-12,Jiuquan,40.956020342770195,100.30010085675306,564,Transfer,1,121,55.83
202,rocket_239,falcon,2012-11-25,Baikonur,45.98900827815889,63.291862114420574,5473,LEO,1,-11,35.43
203,rocket_177,vega,2013-06-02,Tanegashima,30.35936574958776,130.97459185175973,1593,Transfer,1,125,19.38
204,rocket_234,delta,2013-07-20,Kourou,5.2625638828369805,-52.75687539981199,6214,HEO,1,113,26.24
205,rocket_55,vega,2010-08-22,Tanegashima,30.389916025021208,130.96886858346386,1411,SSO,1,149,56.99
206,rocket_295,longmarch,2013-04-09,Jiuquan,41.0017241425988,100.27623583268556,1207,LEO,1,-5,5.0
207,rocket_141,electron,2000-05-12,Cape Canaveral,28.4029195234134,-80.60034103040373,57,SSO,0,93,43.7
208,rocket_147,vega,2010-04-28,Plesetsk,62.94025762537335,40.495469477149705,2175,GTO,1,54,41.02
209,rocket_129,soyuz,2006-02-18,Vandenberg,34.758253788512874,-120.56084178972417,862,Transfer,0,118,28.71
210,rocket_159,falcon,2019-10-10,Cape Canaveral,28.401652063589772,-80.5536253377164,5060,SSO,0,126,75.53
211,rocket_68,longmarch,2004-01-16,Jiuquan,40.94815243610018,100.30786179993255,1631,MEO,0,126,43.5
212,rocket_90,electron,2009-01-02,Baikonur,45.95338953100391,63.31677156808841,50,SSO,1,115,17.24
213,rocket_272,longmarch,2022-07-05,Jiuquan,40.96615966129485,100.32739621289983,3839,GTO,0,34,13.35
214,rocket_247,delta,2013-03-28,Plesetsk,62.96153927702467,40.46400727628771,2100,LEO,1,29,24.41
215,rocket_39,vega,2006-04-25,Kourou,5.25933097181954,-52.77945995609982,949,Transfer,1,153,18.74
216,rocket_286,electron,2016-05-28,Vandenberg,34.772842199051354,-120.53227814223682,862,HEO,1,108,32.77
217,rocket_136,falcon,2024-01-26,Vandenberg,34.741859144021504,-120.54615182756515,9123,HEO,0,107,62.42
218,rocket_135,longmarch,2017-02-02,Plesetsk,62.90416621771733,40.468126810814404,2731,LEO,0,16,52.16
219,rocket_242,soyuz,2001-02-14,Plesetsk,62.93079695672425,40.483535161323864,933,SSO,1,129,9.52
220,rocket_33,soyuz,2020-10-28,Jiuquan,40.95315586447858,100.32007497239408,4223,Transfer,0,115,15.61
221,rocket_60,electron,2006-04-09,Cape Canaveral,28.386281462715083,-80.59023022016169,4269,LEO,1,-13,12.38
222,rocket_253,delta,2005-03-17,Vandenberg,34.75227200213139,-120.58305401679324,1208,GTO,0,35,6.08
223,rocket_199,ariane,2020-05-07,Plesetsk,62.86957434674085,40.468781901839016,2660,Transfer,1,124,44.32
224,rocket_80,electron,2018-08-11,Vandenberg,34.75732160556769,-120.54786133552231,2300,HEO,1,100,34.53
225,rocket_144,electron,2001-06-20,Plesetsk,62.91019437138686,40.45354339620546,299,GTO,1,52,26.68
226,rocket_228,vega,2010-08-04,Plesetsk,62.87851519479454,40.48968090792722,107,LEO,0,14,18.79
227,rocket_279,longmarch,2016-02-02,Cape Canaveral,28.410885131383022,-80.60372400210082,1973,HEO,1,124,31.31
228,rocket_98,delta,2005-06-24,Satish Dhawan,13.725771158643333,80.20326836390754,4780,LEO,1,30,11.19
229,rocket_11,soyuz,2002-04-08,Plesetsk,62.91846485766235,40.46116330024663,1432,GTO,1,28,25.27
230,rocket_290,ariane,2009-03-16,Vandenberg,34.75057633000661,-120.55853788785474,6265,SSO,1,99,50.93
231,rocket_111,soyuz,2010-06-14,Plesetsk,62.90167318988748,40.470840321051355,852,GTO,1,43,17.56
232,rocket_142,falcon,2006-06-28,Baikonur,45.965415874153514,63.290439941175414,4103,SSO,1,132,80.86
233,rocket_90,delta,2004-12-06,Cape Canaveral,28.382656325766707,-80.61586772104855,4634,GTO,1,32,39.04
234,rocket_184,falcon,2010-09-03,Plesetsk,62.92116377462169,40.44073618382607,7323,LEO,0,21,46.21
235,rocket_136,ariane,2002-05-08,Baikonur,45.985767775114695,63.315108481864335,6766,Transfer,1,100,49.92
236,rocket_270,electron,2005-02-05,Vandenberg,34.7603845786915,-120.58576288171078,3118,HEO,0,122,8.43
237,rocket_186,vega,2023-01-08,Vandenberg,34.71761770777361,-120.57004557565239,4246,HEO,0,135,27.12
238,rocket_23,soyuz,2023-05-23,Jiuquan,40.94149754841301,100.30677198131187,2465,HEO,1,113,23.95
239,rocket_32,falcon,2021-06-26,Tanegashima,30.385425905811914,130.95711621117084,9125,HEO,1,123,53.62
240,rocket_252,atlas,2019-11-24,Vandenberg,34.738257114699906,-120.5526854000864,1030,LEO,1,-6,36.42
241,rocket_76,longmarch,2002-12-12,Baikonur,45.970419490776926,63.311083858391065,2874,MEO,1,103,38.95
242,rocket_196,longmarch,2023-10-19,Jiuquan,40.91816290201983,100.28614356025811,4115,HEO,1,146,28.23
243,,,2005-02-17,,5.224694304472018,-52.77621417318205,3093,,1,130,17.4
244,rocket_117,vega,2018-07-24,Plesetsk,62.94696621796296,40.46336759374564,825,HEO,0,144,52.82
245,rocket_213,electron,2004-04-06,Plesetsk,62.95089348288656,40.449572387238504,1307,HEO,0,127,18.15
246,rocket_131,longmarch,2016-10-15,Baikonur,45.96752759159093,63.34377857998116,304,Transfer,0,137,9.81
247,rocket_35,vega,2004-02-03,Vandenberg,34.75647221174457,-120.55905078436722,1500,LEO,1,35,10.25
248,rocket_50,electron,2016-09-18,Baikonur,45.96234732507235,63.28550941390659,1924,SSO,0,133,58.5
249,rocket_288,falcon,2014-10-14,Vandenberg,34.7382493175989,-120.59125130782887,7214,HEO,0,125,49.05
250,rocket_217,longmarch,2002-04-22,Jiuquan,40.97537620961775,100.31060734968025,56,SSO,0,130,26.11
251,rocket_181,delta,2004-08-24,Kourou,5.2427902896763765,-52.78091542701273,3129,GTO,0,58,24.2
252,rocket_115,vega,2004-11-08,Plesetsk,62.94299883803884,40.43967378783127,1321,SSO,1,119,25.45
253,rocket_59,longmarch,2012-06-30,Kourou,5.2540493844500356,-52.76371098332057,1607,HEO,0,128,43.49
254,rocket_137,falcon,2001-04-19,Baikonur,45.946452937316195,63.309767379654694,6468,MEO,1,121,67.43
255,rocket_174,delta,2015-09-30,Cape Canaveral,28.36063635193455,-80.61941767733674,6950,GTO,0,58,70.31
256,,,2017-12-23,,34.774245565159774,-120.54610171092833,7948,,0,42,64.29
257,rocket_47,falcon,2023-10-18,Kourou,5.230868241396356,-52.81605507869799,8279,HEO,1,100,50.45
258,rocket_233,electron,2015-04-17,Baikonur,45.952547012765315,63.30889214910474,1348,MEO,0,120,55.43
259,rocket_167,delta,2003-10-23,Cape Canaveral,28.405877666891715,-80.63046020584942,3515,GTO,1,40,5.0
260,rocket_26,ariane,2003-08-29,Jiuquan,40.966983490208385,100.32510900892046,3211,HEO,1,113,38.72
261,rocket_249,electron,2019-10-30,Tanegashima,30.357275593127813,130.96237322853366,3250,MEO,0,104,27.09
262,rocket_263,soyuz,2005-02-07,Plesetsk,62.91283186466179,40.44172571214774,707,HEO,0,158,29.09
263,rocket_146,atlas,2021-10-29,Jiuquan,40.97902495369821,100.28745255357123,3106,LEO,0,30,52.97
264,rocket_203,soyuz,2002-06-16,Cape Canaveral,28.353800691973415,-80.62004206638485,789,GTO,0,39,16.63
265,rocket_109,delta,2006-02-26,Jiuquan,40.985128102877404,100.32144192770927,4577,MEO,0,130,27.48
266,rocket_62,longmarch,2000-05-06,Satish Dhawan,13.738962732678266,80.23614248330404,2852,Transfer,1,134,33.5
267,rocket_90,electron,2005-10-17,Tanegashima,30.341058052300276,130.94408861142702,724,SSO,0,121,18.83
268,rocket_257,soyuz,2015-11-20,Vandenberg,34.76731415681729,-120.5897234969643,5856,HEO,1,123,14.58
269,rocket_224,falcon,2000-11-03,Satish Dhawan,13.701022985891527,80.20850826920895,6938,LEO,0,51,38.82
270,rocket_295,longmarch,2019-04-04,Tanegashima,30.37231382517059,130.97321616546319,50,Transfer,1,125,33.9
271,rocket_149,electron,2005-03-02,Tanegashima,30.35526427908521,130.9866404498723,2086,LEO,1,46,41.69
272,rocket_88,longmarch,2020-08-21,Plesetsk,62.95320617492239,40.4999136762158,50,LEO,1,8,41.69
273,rocket_55,electron,2010-11-30,Tanegashima,30.34242219632851,130.98244974893197,624,SSO,1,142,12.25
274,rocket_269,electron,2003-07-12,Tanegashima,30.385925684960075,130.95712844539622,4282,MEO,1,110,29.78
275,rocket_114,longmarch,2014-12-09,Baikonur,45.92892437156444,63.29790025431773,372,LEO,1,-6,24.57
276,rocket_272,atlas,2022-11-16,Kourou,5.233853957119915,-52.759045661483796,313,MEO,0,143,35.54
277,rocket_76,longmarch,2010-08-07,Vandenberg,34.77345629281834,-120.56739095184544,2641,GTO,1,48,12.3
278,rocket_102,delta,2007-10-13,Baikonur,45.96163712362831,63.29555818844606,4561,Transfer,1,104,20.69
279,rocket_91,atlas,2022-03-01,Satish Dhawan,13.71579425817024,80.27708327160255,3458,SSO,1,116,13.38
280,rocket_290,vega,2014-07-01,Plesetsk,62.9176937908644,40.46988103291392,1083,GTO,1,20,37.45
281,rocket_35,vega,2021-01-12,Satish Dhawan,13.712664738623264,80.2360024277794,5788,Transfer,1,125,56.54
282,rocket_141,delta,2002-07-09,Plesetsk,62.94952100501544,40.470972125528235,3669,SSO,0,127,29.56
283,rocket_159,atlas,2020-09-17,Satish Dhawan,13.724709424986605,80.18200509505176,3046,LEO,1,27,19.12
284,rocket_189,falcon,2012-11-16,Vandenberg,34.752422448567586,-120.559495688281,10431,Transfer,0,118,54.28
285,rocket_260,atlas,2017-03-31,Satish Dhawan,13.717194913492127,80.25047133120367,1611,SSO,1,143,26.93
286,rocket_231,falcon,2008-06-11,Plesetsk,62.94948225439972,40.49095052924246,9666,SSO,0,119,44.17
287,rocket_257,vega,2006-10-07,Cape Canaveral,28.378950001746492,-80.61933819003599,1045,HEO,1,142,22.03
288,rocket_176,atlas,2003-10-13,Baikonur,45.952170368095544,63.31363845089348,571,LEO,1,29,37.74
289,rocket_225,soyuz,2019-09-17,Baikonur,45.94965890986859,63.30923634157949,2100,MEO,1,131,36.74
290,,,2017-05-18,,30.359151601580002,130.95084076940722,1140,,1,106,27.83
291,rocket_172,falcon,2002-12-15,Plesetsk,62.92341579050749,40.47365025398646,1212,LEO,1,44,50.05
292,rocket_146,electron,2011-04-21,Baikonur,45.98158949683864,63.30112347722454,177,MEO,1,104,15.9
293,rocket_299,atlas,2006-05-06,Plesetsk,62.89394162604322,40.49606225292862,50,MEO,1,121,30.35
294,rocket_67,electron,2003-10-20,Jiuquan,40.99661022363021,100.32307892705879,1209,SSO,0,59,32.76
295,rocket_169,electron,2005-09-24,Vandenberg,34.74673163501752,-120.54500582444061,919,Transfer,1,136,38.39
296,rocket_261,electron,2016-03-25,Cape Canaveral,28.38294273737822,-80.61384464876227,1811,MEO,0,119,5.0
297,rocket_93,delta,2009-08-10,Plesetsk,62.94610192758883,40.45134261542826,3951,HEO,0,107,30.23
298,rocket_116,soyuz,2006-03-03,Baikonur,45.95547558252911,63.32248778361426,1216,LEO,1,-11,17.71
299,rocket_52,delta,2022-10-09,Cape Canaveral,28.395526047864383,-80.566025163872,5525,Transfer,1,115,41.34
300,rocket_68,longmarch,2016-11-24,Baikonur,45.96677315181923,63.30894631414811,3637,GTO,0,64,48.54
301,rocket_85,ariane,2019-08-19,Cape Canaveral,28.40499550035029,-80.60815851572717,3764,HEO,0,111,52.1
302,rocket_122,longmarch,2019-12-04,Jiuquan,40.950437196047055,100.29534439362365,5165,Transfer,1,108,11.69
303,rocket_120,vega,2023-12-15,Kourou,5.22858818953855,-52.72592387815745,406,MEO,0,112,37.24
304,rocket_100,vega,2016-07-01,Satish Dhawan,13.727428190521952,80.21235896891285,50,HEO,0,88,42.27
305,rocket_196,delta,2022-07-23,Tanegashima,30.378845859562837,130.95403554244817,3260,GTO,1,75,18.58
306,rocket_71,soyuz,2011-03-20,Cape Canaveral,28.411653486908403,-80.61592327132944,1256,Transfer,1,120,14.97
307,rocket_191,vega,2004-08-07,Vandenberg,34.740452552173345,-120.57209961546812,50,MEO,1,135,5.0
308,rocket_83,atlas,2012-03-27,Satish Dhawan,13.734207626308827,80.24476371451416,1576,SSO,1,96,46.71
309,rocket_224,ariane,2004-02-11,Kourou,5.255617068982749,-52.78284459040383,5876,HEO,1,115,52.88
310,rocket_14,longmarch,2018-08-11,Cape Canaveral,28.40030383328741,-80.60077993604183,3823,HEO,1,123,30.76
311,rocket_121,longmarch,2017-04-27,Vandenberg,34.727137314704635,-120.58834005607164,53,MEO,1,112,27.31
312,rocket_15,soyuz,2014-04-18,Vandenberg,34.71679670469655,-120.58472722816079,3842,Transfer,1,120,33.46
313,rocket_75,longmarch,2006-03-04,Cape Canaveral,28.403351147156265,-80.61305071057835,250,MEO,1,127,51.19
314,rocket_72,vega,2021-01-15,Satish Dhawan,13.71521960281786,80.23972716748894,2096,SSO,0,103,11.14
315,rocket_41,falcon,2000-11-07,Jiuquan,40.96135723830018,100.30999145255899,6974,GTO,0,23,47.66
316,rocket_281,ariane,2023-09-04,Tanegashima,30.371392166364753,130.98445696949352,5007,LEO,0,11,44.64
317,rocket_122,delta,2013-07-05,Vandenberg,34.75095723495503,-120.56497811897373,576,LEO,1,10,11.52
318,rocket_215,soyuz,2020-07-03,Vandenberg,34.745794123352205,-120.58563964355594,595,LEO,1,55,9.55
319,rocket_275,vega,2000-09-26,Kourou,5.216770232606889,-52.751382953514415,1351,Transfer,0,118,11.35
320,rocket_150,ariane,2019-04-03,Cape Canaveral,28.390575839389538,-80.60567317189154,7784,SSO,1,149,55.33
321,rocket_124,longmarch,2018-09-08,Baikonur,45.96192347945603,63.28754140646521,2000,Transfer,1,129,40.71
322,rocket_269,atlas,2016-03-05,Vandenberg,34.756883839429996,-120.57602448346437,460,SSO,1,112,20.29
323,rocket_200,falcon,2021-02-01,Cape Canaveral,28.398847401890166,-80.5939043669504,3701,Transfer,1,124,52.26
324,rocket_192,electron,2011-05-18,Cape Canaveral,28.372613561414386,-80.59104371761867,2883,MEO,1,80,43.39
325,rocket_177,atlas,2010-10-25,Vandenberg,34.711195047359375,-120.53273227530296,528,SSO,1,124,27.16
326,rocket_69,longmarch,2001-12-27,Plesetsk,62.92321759218446,40.49043300223849,1598,SSO,1,102,10.05
327,rocket_90,longmarch,2020-11-03,Satish Dhawan,13.708885576086091,80.2098756072251,244,Transfer,1,128,10.12
328,rocket_70,ariane,2002-10-30,Satish Dhawan,13.72863477103467,80.23848589509923,4267,LEO,1,-37,52.98
329,rocket_104,delta,2001-12-18,Kourou,5.238189412080946,-52.74694942117301,7471,LEO,0,-4,36.34
330,rocket_159,longmarch,2023-02-13,Tanegashima,30.36148583841677,130.95768304834976,645,SSO,1,126,22.69
331,rocket_130,vega,2001-08-22,Kourou,5.2309653863601495,-52.74532753056282,1674,MEO,1,144,42.31
332,rocket_25,longmarch,2014-11-21,Jiuquan,40.976267810185654,100.29326922227911,1624,LEO,0,5,36.93
333,rocket_224,longmarch,2017-12-10,Satish Dhawan,13.75594329616863,80.23806200424147,695,HEO,1,108,33.43
334,rocket_96,longmarch,2022-04-04,Satish Dhawan,13.74093895235446,80.21043878745371,1460,MEO,1,133,7.45
335,rocket_43,delta,2019-01-16,Vandenberg,34.76363884119481,-120.55248935061834,4232,HEO,1,73,32.36
336,rocket_280,ariane,2013-03-06,Plesetsk,62.94377881000939,40.45965493626906,6632,LEO,0,28,56.32
337,rocket_168,atlas,2013-04-05,Jiuquan,40.97327223081152,100.30005937642106,616,HEO,1,141,44.06
338,rocket_86,electron,2019-11-29,Plesetsk,62.921120661046714,40.47056801496284,4282,HEO,1,133,42.74
339,rocket_181,falcon,2019-07-06,Jiuquan,40.996984463665996,100.2990987279443,1964,Transfer,1,123,69.79
340,rocket_39,falcon,2018-03-22,Plesetsk,62.91742325087983,40.454744484719136,4524,SSO,0,76,66.46
341,rocket_16,ariane,2006-05-28,Satish Dhawan,13.74213157314264,80.26909411996867,6386,LEO,0,2,61.58
342,rocket_35,ariane,2010-08-02,Plesetsk,62.896552816275644,40.4942537674998,5139,MEO,1,99,29.71
343,rocket_291,electron,2001-06-14,Baikonur,46.00126687903966,63.29185135684894,758,Transfer,1,105,43.98
344,rocket_190,vega,2016-09-08,Satish Dhawan,13.74224797631805,80.25936998459787,364,LEO,1,18,37.53
345,rocket_272,ariane,2016-06-17,Tanegashima,30.36485848768953,130.92363096896176,4280,MEO,0,114,42.08
346,rocket_128,delta,2005-02-01,Cape Canaveral,28.414640968222496,-80.58495401330553,2343,Transfer,0,115,16.14
347,rocket_256,ariane,2023-03-23,Tanegashima,30.3400509383061,130.9544391658745,1307,SSO,1,103,40.06
348,rocket_135,atlas,2011-09-04,Satish Dhawan,13.708966398308256,80.22496689779348,2396,GTO,0,30,32.65
349,rocket_252,delta,2008-12-23,Vandenberg,34.71050041061134,-120.55387875244377,8346,GTO,0,68,45.21
350,,,2007-09-29,,13.727713918418564,80.20387055743379,1811,,0,26,35.11
351,rocket_178,longmarch,2002-11-29,Jiuquan,40.95405763606822,100.26582889523954,2594,MEO,1,120,26.16
352,rocket_90,ariane,2016-03-19,Kourou,5.235528956982515,-52.77148708515806,4780,LEO,0,26,34.71
353,rocket_72,soyuz,2010-08-14,Satish Dhawan,13.753449258606253,80.2205510785134,950,LEO,0,-17,23.41
354,rocket_284,longmarch,2016-07-19,Satish Dhawan,13.709840504588975,80.23566974430662,531,SSO,1,94,40.35
355,rocket_45,ariane,2002-12-13,Jiuquan,40.99470028294414,100.29228393375566,5588,HEO,0,106,36.94
356,rocket_270,vega,2018-06-05,Tanegashima,30.376519105358323,130.9718536483672,3729,SSO,1,129,37.08
357,rocket_65,atlas,2014-03-22,Vandenberg,34.73829918554678,-120.58479111350043,1464,HEO,0,123,55.68
358,rocket_265,vega,2015-06-15,Baikonur,45.9710763719121,63.319431250102525,807,SSO,1,104,9.28
359,rocket_67,ariane,2019-05-29,Cape Canaveral,28.364529670974466,-80.64636961685636,4538,LEO,1,31,34.74
360,rocket_156,ariane,2007-05-21,Baikonur,45.95725738700421,63.30409177564135,6076,MEO,1,109,62.89
361,rocket_178,soyuz,2023-04-11,Jiuquan,40.9656412068541,100.29077735238052,550,LEO,1,30,29.75
362,rocket_101,delta,2012-04-23,Baikonur,45.98080743792104,63.31180102589138,8498,Transfer,1,114,25.8
363,rocket_274,delta,2004-03-10,Baikonur,45.96699211513043,63.27180488829044,6141,SSO,1,99,13.24
364,rocket_88,ariane,2015-02-22,Cape Canaveral,28.407814676706348,-80.61075811587108,710,LEO,1,24,58.21
365,rocket_24,atlas,2011-11-15,Kourou,5.257297534785804,-52.81080531757556,249,SSO,1,134,30.14
366,rocket_16,electron,2022-05-04,Jiuquan,40.969001889809036,100.31043701186431,2301,Transfer,0,138,37.24
367,rocket_248,delta,2010-12-26,Tanegashima,30.354259648612246,130.97187631397,9113,MEO,1,100,38.02
368,rocket_38,vega,2002-09-08,Baikonur,45.96065965899152,63.298830344230886,724,HEO,1,105,11.12
369,rocket_248,electron,2020-10-31,Kourou,5.221260276391664,-52.781969775914476,5353,MEO,1,117,21.11
370,rocket_161,ariane,2014-04-28,Plesetsk,62.964419303507434,40.47979228354742,5225,HEO,1,88,21.8
371,rocket_190,ariane,2023-02-06,Vandenberg,34.752977576876376,-120.52801597456077,3263,MEO,1,140,46.38
372,rocket_239,soyuz,2005-06-30,Jiuquan,40.940683692104194,100.31132272483647,1003,HEO,1,102,23.88
373,rocket_73,soyuz,2004-05-05,Cape Canaveral,28.395922995378065,-80.62095883897513,2216,MEO,1,66,33.89
374,rocket_215,electron,2011-02-19,Baikonur,45.97244210945214,63.31278318391336,4557,MEO,0,125,56.38
375,rocket_98,longmarch,2007-02-23,Satish Dhawan,13.726574557271238,80.22444778075767,393,SSO,1,115,51.45
376,rocket_256,vega,2013-11-03,Satish Dhawan,13.71904353237377,80.23156045469617,319,LEO,1,39,23.14
377,rocket_202,atlas,2022-09-03,Satish Dhawan,13.716021011991147,80.21713391356451,2196,GTO,0,48,21.6
378,rocket_299,soyuz,2015-10-30,Cape Canaveral,28.38412975222349,-80.62945233318182,89,LEO,0,-22,39.3
379,rocket_254,delta,2021-02-09,Jiuquan,40.9863879372686,100.3176601294988,3751,SSO,1,155,25.76
380,rocket_56,falcon,2019-05-01,Baikonur,45.95031652402443,63.30663991112827,4582,MEO,1,131,60.03
381,rocket_207,longmarch,2016-05-31,Cape Canaveral,28.373951771372166,-80.60451319291094,1414,HEO,0,135,39.36
382,rocket_292,falcon,2008-09-24,Plesetsk,62.93293151090281,40.481263695905355,7148,SSO,0,111,42.81
383,rocket_38,delta,2017-04-30,Satish Dhawan,13.757192501136462,80.2525985919176,5394,SSO,0,135,34.66
384,rocket_61,delta,2005-10-09,Vandenberg,34.72020733925315,-120.58809523816255,4815,HEO,0,103,20.22
385,rocket_174,longmarch,2016-05-26,Baikonur,45.969445322648966,63.295413262771184,241,GTO,0,17,30.47
386,rocket_257,electron,2001-10-21,Cape Canaveral,28.374998321992095,-80.58785404998328,2811,LEO,0,1,42.82
387,rocket_171,ariane,2021-04-01,Satish Dhawan,13.699633683288047,80.2444237265214,5343,GTO,1,28,40.86
388,rocket_168,ariane,2014-04-15,Baikonur,45.95106456363141,63.3166405313417,1948,HEO,1,131,59.38
389,rocket_173,delta,2022-10-03,Satish Dhawan,13.713247253632982,80.24023084241755,5520,Transfer,1,110,29.0
390,rocket_244,delta,2000-09-29,Plesetsk,62.92041104427306,40.48663741408577,3923,MEO,0,133,25.47
391,rocket_214,atlas,2013-10-19,Cape Canaveral,28.42006497574863,-80.62188414238274,1170,SSO,1,105,31.88
392,rocket_136,vega,2010-03-17,Cape Canaveral,28.39605085424745,-80.60834893568804,1237,SSO,0,99,26.34
393,rocket_88,vega,2023-07-08,Tanegashima,30.401698064956868,130.96959499756798,1167,GTO,1,20,40.38
394,rocket_17,soyuz,2004-12-05,Kourou,5.238897756661937,-52.767521939134305,2642,LEO,1,19,45.68
395,rocket_161,vega,2018-10-14,Baikonur,45.979072832315865,63.30818317890664,202,HEO,1,92,21.7
396,rocket_211,soyuz,2022-07-05,Satish Dhawan,13.70805288088696,80.23287095391912,87,Transfer,1,132,43.28
397,rocket_71,falcon,2023-04-08,Kourou,5.236027593020159,-52.79353545904262,8908,SSO,0,131,47.59
398,rocket_245,longmarch,2023-07-28,Tanegashima,30.399617490263093,130.99070028557418,2725,MEO,1,105,22.72
399,rocket_236,ariane,2023-11-30,Plesetsk,62.93746158008005,40.49861734360734,6125,SSO,1,139,57.11
400,rocket_136,longmarch,2021-09-19,Kourou,5.1854087984461135,-52.7739321491814,2193,GTO,0,45,38.37
401,rocket_286,delta,2013-05-22,Kourou,5.201218687377911,-52.74574188665238,5482,MEO,1,123,41.48
402,rocket_107,delta,2021-12-07,Plesetsk,62.939590591684436,40.4559136848068,3385,HEO,1,97,39.34
403,rocket_287,longmarch,2012-04-07,Jiuquan,40.98444993118063,100.29589772713577,2290,LEO,0,20,31.12
404,rocket_203,electron,2015-06-25,Baikonur,45.961464516737685,63.27402763402272,135,MEO,1,115,18.8
405,rocket_148,falcon,2003-07-18,Plesetsk,62.91474610708245,40.493037901145314,4017,HEO,1,85,43.06
406,rocket_246,delta,2009-08-06,Kourou,5.226877583450516,-52.76437146759772,2970,SSO,1,104,10.56
407,rocket_288,delta,2012-03-08,Baikonur,45.92663800798993,63.301997915568286,6190,LEO,1,32,24.3
408,rocket_125,soyuz,2002-04-11,Kourou,5.242996000491358,-52.78808109193684,3204,Transfer,1,123,70.4
409,rocket_27,soyuz,2004-06-29,Tanegashima,30.351282789057397,130.91056087165316,309,MEO,1,82,24.09
410,rocket_52,vega,2006-03-02,Cape Canaveral,28.404712945964327,-80.64421245158691,1583,SSO,0,129,35.53
411,rocket_209,ariane,2021-05-03,Satish Dhawan,13.653404885601779,80.20102153072659,4442,Transfer,1,154,48.88
412,rocket_148,soyuz,2014-05-29,Jiuquan,40.991857775370164,100.29282013836341,348,Transfer,0,85,16.13
413,rocket_46,falcon,2010-06-01,Cape Canaveral,28.389813075963925,-80.55196551523872,4513,GTO,0,50,31.17
414,rocket_91,electron,2001-08-18,Tanegashima,30.379335511275254,130.93505394944734,1966,HEO,1,149,12.48
415,rocket_149,ariane,2001-09-05,Cape Canaveral,28.404444628964328,-80.60947582637287,3822,MEO,1,128,43.54
416,rocket_172,atlas,2012-10-06,Satish Dhawan,13.705541622185049,80.2257895074964,634,Transfer,1,144,22.3
417,rocket_69,vega,2022-08-14,Satish Dhawan,13.706252180114284,80.21686341567226,2859,MEO,0,130,15.33
418,rocket_58,soyuz,2014-10-31,Baikonur,45.952253845059424,63.31416773407103,221,Transfer,1,130,48.43
419,rocket_132,vega,2008-05-08,Cape Canaveral,28.383713080902233,-80.62031685771454,3674,Transfer,1,136,29.59
420,rocket_152,longmarch,2008-08-30,Baikonur,45.9100499031455,63.29500539647697,360,SSO,1,107,36.87
421,rocket_219,electron,2023-02-11,Plesetsk,62.97520097298814,40.47642983246557,552,LEO,0,3,13.35
422,rocket_49,electron,2008-04-15,Baikonur,45.95925104961199,63.31074657808806,542,HEO,1,78,55.87
423,rocket_128,longmarch,2000-04-21,Jiuquan,40.94430810413659,100.28737481923747,408,HEO,1,124,16.6
424,rocket_229,soyuz,2011-12-23,Plesetsk,62.91238087448569,40.48715843699847,2942,MEO,1,109,35.38
425,rocket_134,falcon,2016-02-16,Kourou,5.266677098820643,-52.765243109902386,6371,LEO,0,2,47.51
426,rocket_239,atlas,2013-10-05,Baikonur,45.96267541913756,63.30929426366341,905,HEO,1,121,33.78
427,rocket_61,delta,2013-03-26,Plesetsk,62.90774625935784,40.45238025603342,8156,SSO,1,126,38.0
428,rocket_113,soyuz,2005-12-28,Satish Dhawan,13.687110316749493,80.22255057787879,2482,GTO,1,32,26.56
429,rocket_192,vega,2018-08-27,Satish Dhawan,13.697991981939817,80.23636783693134,2493,SSO,0,110,12.68
430,rocket_127,soyuz,2003-09-03,Satish Dhawan,13.744019890330938,80.24594814705529,389,SSO,1,116,5.54
431,,,2005-01-12,,28.409545920566288,-80.62800736347027,1433,,0,131,40.49
432,rocket_294,soyuz,2024-01-27,Baikonur,45.94850971676945,63.29282820553521,2914,GTO,0,67,13.41
433,rocket_267,longmarch,2019-10-27,Vandenberg,34.74074670952935,-120.6094126328339,557,Transfer,1,124,55.69
434,rocket_299,soyuz,2021-12-04,Vandenberg,34.76727413355309,-120.58932631954931,2060,SSO,1,138,31.59
435,rocket_29,vega,2020-05-04,Baikonur,45.96066526971192,63.32218627582246,1586,SSO,0,158,42.15
436,rocket_234,electron,2002-08-03,Satish Dhawan,13.750227881105072,80.24244236640786,1433,Transfer,1,97,66.18
437,rocket_12,delta,2017-10-05,Jiuquan,40.959280507582186,100.3073131111067,5144,LEO,1,-19,38.73
438,rocket_297,soyuz,2003-04-11,Cape Canaveral,28.407968062490678,-80.63236863138201,361,HEO,1,111,58.32
439,rocket_33,longmarch,2024-04-10,Cape Canaveral,28.353550802643046,-80.61223098876184,1472,LEO,1,23,36.5
440,rocket_17,vega,2012-11-16,Tanegashima,30.36597682283182,130.9680348159982,2807,GTO,1,14,5.0
441,rocket_216,ariane,2016-10-18,Tanegashima,30.38321524379152,130.95326393217476,7400,HEO,0,104,16.46
442,rocket_193,electron,2003-08-07,Baikonur,45.97407017425109,63.2853541193149,1172,Transfer,1,70,20.13
443,rocket_61,longmarch,2008-01-03,Tanegashima,30.380333455275668,130.93885983683234,617,SSO,1,117,19.4
444,rocket_115,ariane,2000-02-26,Cape Canaveral,28.42001848129912,-80.61238409477363,5359,MEO,1,134,19.25
445,rocket_279,vega,2019-01-09,Tanegashima,30.353614262891625,130.9212610853732,1350,GTO,1,35,25.67
446,rocket_236,soyuz,2015-07-12,Baikonur,45.971349065225006,63.29834279191235,2814,MEO,1,95,24.06
447,rocket_58,soyuz,2001-06-11,Tanegashima,30.375284883280273,130.925472965822,313,SSO,1,123,45.27
448,rocket_124,falcon,2009-03-30,Vandenberg,34.716613390069064,-120.53834970683741,5707,LEO,0,19,
449,rocket_229,falcon,2002-03-08,Kourou,5.230028065247807,-52.762519452946556,5404,Transfer,1,152,42.46
450,rocket_206,falcon,2019-09-09,Kourou,5.232283084956145,-52.761800020336686,5303,SSO,0,80,33.24
451,rocket_29,soyuz,2006-04-14,Jiuquan,40.95608686593564,100.29658783821057,386,GTO,1,58,5.0
452,rocket_296,longmarch,2014-05-20,Kourou,5.233409655062731,-52.756402854294095,3515,MEO,1,140,38.75
453,rocket_267,ariane,2009-11-30,Tanegashima,30.400647269482313,130.97875479686468,3586,MEO,0,121,44.95
454,rocket_32,delta,2007-11-09,Tanegashima,30.351764323121753,130.95133722206512,5887,SSO,1,129,5.0
455,rocket_25,vega,2015-06-13,Tanegashima,30.35234661896246,130.96388711538575,101,SSO,0,103,26.63
456,rocket_214,longmarch,2018-04-24,Baikonur,45.926812878249855,63.33136604649705,247,MEO,0,117,41.09
457,rocket_95,electron,2024-02-17,Satish Dhawan,13.721836563548191,80.2203230649435,645,GTO,1,31,45.07
458,rocket_154,soyuz,2006-06-23,Satish Dhawan,13.729369437980706,80.22504717818202,1188,LEO,1,34,14.68
459,rocket_214,electron,2023-10-10,Baikonur,45.95318365802529,63.31810081227564,2193,HEO,1,144,25.96
460,rocket_131,soyuz,2009-02-13,Plesetsk,62.94383967390904,40.46461585599105,1771,Transfer,0,117,16.55
461,rocket_231,atlas,2016-08-23,Vandenberg,34.74704334700951,-120.59612138462799,5313,SSO,1,133,5.0
462,rocket_27,soyuz,2012-01-16,Tanegashima,30.35191274663534,130.92196342386495,1716,Transfer,1,110,19.58
463,rocket_38,falcon,2008-06-09,Kourou,5.2465038078067545,-52.79075614319307,4220,HEO,1,151,37.11
464,rocket_171,soyuz,2013-08-07,Cape Canaveral,28.367501296187687,-80.61568704293772,1546,GTO,0,24,18.71
465,rocket_61,soyuz,2021-06-25,Kourou,5.245635674157225,-52.7819172284029,2450,Transfer,0,112,47.74
466,rocket_204,soyuz,2010-09-26,Plesetsk,62.91880626814741,40.486246443191604,3302,MEO,1,137,57.44
467,rocket_239,electron,2023-12-09,Plesetsk,62.949892125641,40.47619426598395,5063,MEO,0,83,18.23
468,rocket_185,delta,2023-01-01,Satish Dhawan,13.704446811094584,80.24700383623725,6856,HEO,0,100,19.85
469,rocket_241,atlas,2014-05-13,Kourou,5.268465263709723,-52.749653696772825,2300,MEO,1,138,55.33
470,rocket_212,longmarch,2002-01-19,Kourou,5.214997185207957,-52.75285009701325,2940,Transfer,1,105,40.82
471,rocket_9,ariane,2011-09-12,Tanegashima,30.36927662726624,130.91470267409966,7741,MEO,1,141,54.88
472,rocket_101,ariane,2014-10-18,Kourou,5.21039088857995,-52.76421040357558,4581,HEO,1,98,78.67
473,rocket_256,soyuz,2015-02-21,Jiuquan,40.94513833088859,100.29831000130066,2514,HEO,0,152,59.27
474,rocket_236,vega,2007-07-19,Plesetsk,62.935826143033985,40.4573368760578,892,GTO,1,41,41.58
475,rocket_280,ariane,2021-11-26,Baikonur,45.98864468057877,63.32821398007194,5457,SSO,0,122,52.29
476,rocket_269,falcon,2001-07-08,Vandenberg,34.76573469240354,-120.54367329188588,4768,Transfer,1,102,39.32
477,rocket_4,falcon,2018-07-01,Baikonur,45.92559999089163,63.31917437347036,4523,Transfer,0,143,31.32
478,rocket_35,soyuz,2006-10-10,Cape Canaveral,28.378511517988727,-80.57855014397789,1020,GTO,1,62,40.82
479,rocket_192,vega,2002-09-17,Satish Dhawan,13.721882766788363,80.21356576107924,2840,Transfer,0,132,71.49
480,rocket_9,vega,2000-04-18,Tanegashima,30.362445321878308,130.95123922252156,3336,LEO,1,8,26.82
481,rocket_272,falcon,2012-04-28,Jiuquan,40.944245690485396,100.26564794508626,7837,LEO,0,3,65.22
482,rocket_92,electron,2004-10-19,Vandenberg,34.74633249950809,-120.59291505367281,2911,SSO,1,126,15.93
483,rocket_124,ariane,2008-08-10,Jiuquan,40.975500611258255,100.32708891430306,7201,MEO,0,119,66.25
484,rocket_204,delta,2003-07-18,Plesetsk,62.92592190301988,40.452353928392455,4080,HEO,0,112,36.25
485,rocket_290,vega,2010-11-28,Kourou,5.249147299267791,-52.79340817487959,2743,MEO,1,143,64.18
486,rocket_17,atlas,2004-03-11,Tanegashima,30.406796779563614,130.96848142441786,4441,HEO,1,138,6.81
487,rocket_283,electron,2021-05-08,Cape Canaveral,28.356328638333594,-80.58948050555442,3299,Transfer,0,131,16.2
488,rocket_88,falcon,2003-09-16,Satish Dhawan,13.700605891484987,80.26296937109545,4251,HEO,0,99,68.45
489,rocket_290,longmarch,2004-04-11,Cape Canaveral,28.39507611061648,-80.59889395024942,68,GTO,1,49,15.32
490,rocket_291,soyuz,2021-04-30,Jiuquan,40.93753335193588,100.26455311305779,137,LEO,1,24,15.3
491,rocket_144,atlas,2024-05-11,Cape Canaveral,28.400287535658464,-80.59544174021704,3087,GTO,0,84,18.31
492,rocket_9,longmarch,2009-04-17,Baikonur,45.95940379315246,63.285709244101795,5389,Transfer,0,86,14.64
493,rocket_40,electron,2013-06-04,Baikonur,45.984917439533184,63.31009993501349,1511,SSO,1,121,19.78
494,rocket_291,soyuz,2017-06-15,Plesetsk,62.94423272248996,40.474781207973066,3192,HEO,0,103,31.17
495,rocket_41,ariane,2022-06-18,Plesetsk,62.911873531507425,40.475451003836085,1846,LEO,1,10,32.76
496,rocket_224,atlas,2010-05-31,Vandenberg,34.7518285890544,-120.56100479285602,2904,MEO,1,165,23.93
497,rocket_168,electron,2001-04-30,Jiuquan,40.95857243487472,100.28844454543514,890,HEO,1,131,17.8
498,rocket_117,vega,2015-12-17,Tanegashima,30.36150131962419,130.9489384802187,5767,HEO,0,115,60.7
499,rocket_300,ariane,2017-01-18,Vandenberg,34.73731330177915,-120.55625110563983,8983,SSO,1,122,41.16
500,rocket_127,delta,2003-04-19,Vandenberg,34.70647976491903,-120.55112118024878,4413,MEO,1,128,36.27
501,rocket_195,ariane,2006-12-02,Tanegashima,30.344568063147346,130.99193477875016,5505,MEO,0,144,58.61
502,rocket_55,longmarch,2004-02-08,Cape Canaveral,28.37107084765073,-80.59980469035716,603,MEO,1,131,10.86
503,rocket_185,vega,2012-02-06,Vandenberg,34.730149808695735,-120.56770044250368,791,GTO,0,14,31.98
504,rocket_96,atlas,2019-05-02,Satish Dhawan,13.717346906369636,80.21918784726306,1932,SSO,1,110,11.17
505,rocket_53,electron,2001-03-06,Vandenberg,34.727446552902876,-120.57221069611955,5358,MEO,1,116,32.84
506,rocket_167,atlas,2017-04-12,Cape Canaveral,28.40034273557868,-80.63239350877753,753,MEO,1,123,45.35
507,rocket_199,electron,2003-10-19,Kourou,5.203247901650866,-52.76560799474666,323,SSO,0,110,42.31
508,rocket_195,ariane,2007-08-09,Baikonur,45.988071806866344,63.33272698794526,5638,MEO,1,139,18.42
509,rocket_138,delta,2022-02-13,Baikonur,45.946681505454755,63.327685895877764,4395,LEO,1,17,37.61
510,rocket_223,ariane,2012-05-18,Tanegashima,30.385229991507238,130.9957030808012,2212,MEO,1,129,41.97
511,,,2016-03-13,,40.970654297835466,100.29133413092836,2131,,1,27,10.32
512,rocket_101,vega,2020-07-15,Vandenberg,34.75200480938873,-120.58307200612879,492,GTO,1,51,29.08
513,rocket_4,delta,2017-10-01,Plesetsk,62.9337944771875,40.47764005250034,7441,SSO,1,144,34.24
514,rocket_169,electron,2019-09-30,Plesetsk,62.93705489614982,40.4221345835934,819,HEO,1,145,5.0
515,rocket_154,ariane,2014-05-20,Kourou,5.183458692863836,-52.778428021836376,3068,HEO,1,147,32.47
516,rocket_91,longmarch,2017-11-11,Plesetsk,62.96891687003618,40.503888847834986,2785,MEO,0,117,11.41
517,rocket_295,vega,2010-11-15,Plesetsk,62.894572116877555,40.480674984417725,1857,HEO,1,144,20.64
518,rocket_202,delta,2016-05-16,Vandenberg,34.71976839500972,-120.57311651157413,6229,SSO,0,133,52.0
519,rocket_280,soyuz,2008-01-26,Cape Canaveral,28.396802269534486,-80.61021675963102,562,Transfer,1,83,31.79
520,rocket_108,vega,2019-09-01,Jiuquan,40.958337438949684,100.27231567273108,2487,Transfer,1,132,31.85
521,rocket_210,atlas,2022-05-25,Baikonur,45.96423719829117,63.305996055818056,965,Transfer,1,131,5.0
522,,,2011-05-02,,45.971415714518656,63.308881038872116,6872,,0,114,49.68
523,rocket_194,electron,2003-04-26,Satish Dhawan,13.730351238417507,80.1937038394073,2040,SSO,1,107,18.76
524,rocket_299,vega,2017-12-23,Tanegashima,30.36108610245606,130.93863746033165,2611,SSO,0,121,10.6
525,rocket_185,falcon,2024-01-31,Vandenberg,34.73985290418572,-120.55241161934644,7479,LEO,1,41,67.74
526,rocket_182,soyuz,2007-06-18,Cape Canaveral,28.403559899260525,-80.61020852519907,4306,SSO,0,100,45.11
527,rocket_170,electron,2019-04-23,Vandenberg,34.719346724928805,-120.5572164299459,1147,LEO,1,15,47.26
528,rocket_133,atlas,2009-12-16,Kourou,5.236680548221444,-52.7657725479632,2083,HEO,1,93,23.77
529,rocket_201,longmarch,2020-10-08,Baikonur,45.963093805579014,63.31333859006529,141,MEO,0,135,45.82
530,rocket_248,falcon,2004-09-08,Jiuquan,40.921035495012504,100.29923869804121,5763,HEO,0,92,55.27
531,rocket_60,atlas,2006-05-10,Plesetsk,62.91033410083515,40.459234460686055,4295,MEO,0,109,8.73
532,rocket_234,longmarch,2009-04-12,Satish Dhawan,13.7131175544146,80.23780122230538,718,MEO,1,128,34.0
533,rocket_50,vega,2019-08-27,Satish Dhawan,13.71405982908974,80.22131932839362,252,MEO,1,119,19.07
534,rocket_154,atlas,2002-01-02,Vandenberg,34.75016105693673,-120.56138404855453,2480,LEO,0,30,23.53
535,rocket_56,longmarch,2007-05-16,Kourou,5.280413675931662,-52.767823437234654,1389,SSO,0,97,48.45
536,rocket_283,ariane,2007-03-08,Plesetsk,62.95085470330833,40.446842636881826,2907,SSO,1,127,54.69
537,rocket_237,electron,2010-05-26,Tanegashima,30.38303837910348,130.9425607334575,1962,Transfer,0,136,23.61
538,rocket_96,ariane,2019-05-21,Tanegashima,30.376463939820034,130.95399514022404,6691,LEO,1,13,51.09
539,rocket_231,soyuz,2019-04-08,Tanegashima,30.348107019450612,130.96123200761176,2883,LEO,1,21,24.99
540,rocket_106,soyuz,2012-06-26,Vandenberg,34.75266718489411,-120.55561062990964,682,SSO,1,145,27.72
541,,,2008-05-21,,62.9225811547699,40.45343714723442,2936,,1,127,39.12
542,rocket_235,soyuz,2005-02-10,Jiuquan,40.957792498821895,100.30445225336378,645,Transfer,1,101,
543,rocket_271,vega,2014-01-21,Tanegashima,30.373781643344586,130.9614295539535,549,SSO,1,120,26.04
544,rocket_59,electron,2015-08-10,Plesetsk,62.991861859391896,40.51815832501232,2236,HEO,0,140,27.63
545,rocket_153,ariane,2003-10-20,Baikonur,45.992985666825405,63.297361354565496,4637,MEO,0,88,76.19
546,rocket_123,atlas,2013-09-12,Vandenberg,34.75916028390604,-120.58896392545931,1520,GTO,1,21,5.0
547,rocket_73,longmarch,2022-11-30,Tanegashima,30.370433233294012,130.9693961821506,3536,HEO,0,119,30.32
548,rocket_295,ariane,2017-03-18,Tanegashima,30.38143357082753,130.96036119611932,2181,GTO,1,30,57.82
549,rocket_276,vega,2007-10-09,Baikonur,45.99411161636979,63.32114923671225,1490,HEO,1,95,7.66
550,rocket_72,delta,2008-05-23,Plesetsk,62.92906876258616,40.51284152080287,4787,HEO,0,106,5.0
551,rocket_184,falcon,2000-06-06,Satish Dhawan,13.725668222974322,80.2191461595112,5554,GTO,1,49,25.62
552,rocket_197,soyuz,2022-09-03,Satish Dhawan,13.70425993014978,80.2152059376504,2342,HEO,0,140,22.54
553,rocket_213,vega,2019-11-29,Satish Dhawan,13.719581643099955,80.24872020639583,3042,GTO,1,63,25.48
554,rocket_290,atlas,2001-05-20,Kourou,5.215148446106588,-52.79144467506873,944,MEO,0,116,25.1
555,rocket_141,falcon,2010-01-31,Jiuquan,40.97030002583046,100.28894355634336,5928,GTO,1,27,54.79
556,rocket_290,vega,2022-03-21,Vandenberg,34.74714397940711,-120.57721330349061,1109,SSO,0,131,23.81
557,rocket_138,atlas,2024-05-12,Plesetsk,62.90995596737357,40.44274467385778,515,SSO,1,107,16.64
558,rocket_226,falcon,2024-07-04,Kourou,5.236694274975051,-52.80737008426876,6865,HEO,1,102,57.7
559,rocket_127,atlas,2013-05-09,Cape Canaveral,28.392424144997687,-80.62050396027132,1809,HEO,1,123,12.07
560,rocket_179,delta,2003-11-26,Satish Dhawan,13.711946406127709,80.20671938883555,3992,LEO,1,7,28.14
561,rocket_108,soyuz,2015-09-23,Tanegashima,30.398943729692448,130.92747865816455,299,GTO,0,71,21.52
562,rocket_106,ariane,2009-04-13,Cape Canaveral,28.392786515458706,-80.61622494093326,4239,SSO,0,143,57.21
563,rocket_273,longmarch,2012-08-10,Baikonur,45.95613810252088,63.32863522791323,2572,MEO,1,125,13.73
564,rocket_149,delta,2011-12-29,Vandenberg,34.774175617114686,-120.55583540619631,4443,GTO,1,64,9.42
565,rocket_31,electron,2012-06-09,Baikonur,45.958441161594656,63.32102161927576,2681,Transfer,1,148,27.82
566,rocket_128,ariane,2006-07-24,Plesetsk,62.91252019336515,40.468092192976464,2780,GTO,1,17,58.87
567,rocket_251,electron,2006-05-18,Jiuquan,40.97005834169051,100.29403055728001,403,Transfer,1,98,29.32
568,rocket_193,electron,2020-04-10,Vandenberg,34.71419556149693,-120.56924477121413,1825,Transfer,0,122,44.94
569,rocket_207,atlas,2023-02-16,Jiuquan,40.972962182050814,100.32848915386815,1694,Transfer,0,127,27.96
570,rocket_233,longmarch,2021-11-22,Plesetsk,62.890124128330385,40.4541936430396,50,SSO,1,126,32.63
571,rocket_48,falcon,2020-07-25,Plesetsk,62.957266725567116,40.47996056059924,4871,LEO,1,28,46.21
572,rocket_112,electron,2019-04-10,Kourou,5.263869090550489,-52.75378901795405,582,HEO,1,112,45.02
573,rocket_166,delta,2012-09-20,Plesetsk,62.91591324065373,40.510799767829525,5858,SSO,1,117,21.46
574,rocket_290,ariane,2021-10-08,Plesetsk,62.89869465616152,40.47637068084822,3516,Transfer,1,131,38.95
575,rocket_24,falcon,2004-06-19,Satish Dhawan,13.721095356747467,80.24939045835923,7018,LEO,1,-2,11.17
576,rocket_81,atlas,2019-10-18,Satish Dhawan,13.73910609592563,80.23964967248133,1527,LEO,1,9,24.95
577,rocket_104,electron,2005-12-01,Jiuquan,40.92339104000151,100.31558487229468,1858,GTO,0,75,39.88
578,rocket_48,delta,2016-03-02,Jiuquan,40.96818306237452,100.32290444351301,3857,LEO,0,8,18.41
579,rocket_85,longmarch,2002-04-28,Tanegashima,30.376939403535218,130.95411424114727,693,Transfer,0,137,24.46
580,rocket_120,delta,2019-04-03,Vandenberg,34.78568193466761,-120.56098985583291,4342,Transfer,1,130,17.49
581,rocket_1,atlas,2009-07-28,Satish Dhawan,13.728110640288186,80.24800570157967,661,LEO,1,27,5.0
582,rocket_116,ariane,2023-04-20,Satish Dhawan,13.707735469851105,80.23766231255489,6177,LEO,0,15,61.53
583,rocket_176,falcon,2005-05-29,Tanegashima,30.404160505511285,130.92707601691848,5622,Transfer,0,96,55.2
584,rocket_245,ariane,2003-03-06,Kourou,5.2632512570542485,-52.73518770873024,5153,HEO,1,131,34.26
585,rocket_53,atlas,2004-08-17,Plesetsk,62.9165618649979,40.48213754912781,6804,MEO,1,91,31.35
586,rocket_71,delta,2017-03-02,Baikonur,45.92549024457566,63.320021989090144,4746,Transfer,0,86,22.93
587,rocket_36,ariane,2023-10-18,Cape Canaveral,28.408774243621487,-80.61030508987473,869,SSO,1,119,41.81
588,rocket_226,ariane,2015-10-02,Kourou,5.236360337440889,-52.758547393083134,5058,Transfer,0,102,49.53
589,rocket_211,ariane,2019-11-05,Kourou,5.2216987355872515,-52.78019801525744,2266,LEO,1,0,48.1
590,rocket_72,atlas,2005-07-10,Tanegashima,30.37341865316271,130.94541751780727,3650,MEO,1,100,32.98
591,rocket_162,electron,2006-04-09,Kourou,5.269691594920338,-52.73112202615996,461,MEO,1,118,21.72
592,rocket_128,atlas,2012-10-12,Cape Canaveral,28.428807762241927,-80.58961643082765,1970,Transfer,1,104,26.1
593,rocket_106,delta,2023-03-23,Kourou,5.216728331109399,-52.79109731959349,6724,Transfer,0,152,28.3
594,rocket_152,electron,2002-06-13,Kourou,5.254648697419093,-52.77630200577927,2247,HEO,0,87,34.49
595,rocket_58,electron,2010-10-24,Satish Dhawan,13.724606359228783,80.21959793812803,1901,Transfer,1,147,5.51
596,rocket_271,atlas,2000-07-16,Plesetsk,62.94623974378143,40.467259760599745,748,MEO,1,149,36.73
597,rocket_199,ariane,2018-11-17,Plesetsk,62.94227395431696,40.494547480208915,6499,SSO,0,112,38.49
598,rocket_242,ariane,2003-04-10,Cape Canaveral,28.387918125722777,-80.60339619085894,3171,SSO,0,89,47.83
599,rocket_8,atlas,2011-10-05,Kourou,5.227852372652364,-52.738572129033024,226,LEO,1,9,24.58
600,rocket_204,falcon,2022-09-22,Jiuquan,40.97779169744687,100.29989602968118,4272,Transfer,1,146,46.64
601,rocket_217,electron,2018-01-16,Vandenberg,34.753173018300274,-120.57588301219499,2779,Transfer,1,123,36.26
602,rocket_143,ariane,2003-10-01,Jiuquan,40.95795661288711,100.29974557930768,3177,LEO,0,26,41.15
603,rocket_80,soyuz,2024-01-23,Plesetsk,62.94809718138422,40.46826228339239,2500,HEO,1,144,22.6
604,rocket_159,atlas,2019-08-16,Kourou,5.2685928426222555,-52.77545351167904,852,LEO,0,46,7.04
605,rocket_45,soyuz,2019-06-28,Vandenberg,34.74439197356435,-120.58510846213672,50,HEO,1,96,5.0
606,rocket_159,falcon,2007-11-17,Vandenberg,34.73713877602238,-120.57235424127713,8368,LEO,1,0,74.84
607,rocket_6,ariane,2007-05-08,Satish Dhawan,13.721231851435034,80.17613514731673,7140,MEO,1,123,49.36
608,rocket_86,delta,2016-09-05,Baikonur,45.9346217834982,63.25238539726342,5512,Transfer,1,127,34.67
609,rocket_61,delta,2001-04-25,Plesetsk,62.883026143755416,40.498392713244876,5776,HEO,0,104,29.48
610,rocket_269,delta,2002-11-12,Jiuquan,40.960856572870874,100.30789654070733,4500,Transfer,0,107,31.26
611,rocket_255,atlas,2020-06-01,Plesetsk,62.91914115996387,40.45757899940954,50,LEO,0,-4,20.94
612,rocket_291,vega,2007-06-27,Plesetsk,62.92349243088203,40.481830112944934,194,GTO,1,35,15.51
613,rocket_53,delta,2005-03-04,Kourou,5.216556952035947,-52.74835361034489,4981,Transfer,1,118,44.64
614,rocket_23,falcon,2000-07-20,Kourou,5.243915976974194,-52.76272898376091,4804,LEO,0,6,49.05
615,rocket_187,vega,2017-03-06,Baikonur,45.95887668284289,63.31969196256606,3068,GTO,0,62,26.17
616,rocket_284,falcon,2018-10-23,Kourou,5.240873144474054,-52.78980416813599,6354,MEO,0,59,58.57
617,rocket_214,soyuz,2014-05-08,Jiuquan,40.95649543234888,100.27483686881934,1471,LEO,1,0,32.24
618,rocket_62,longmarch,2022-07-09,Cape Canaveral,28.412793875597917,-80.6428457354332,2909,GTO,1,39,21.93
619,rocket_265,soyuz,2002-01-22,Tanegashima,30.39683892342579,130.97506877724976,590,LEO,1,8,5.36
620,rocket_145,vega,2013-12-08,Plesetsk,62.899531942220605,40.48239804279058,4476,LEO,1,14,47.68
621,rocket_5,vega,2016-07-19,Kourou,5.228073672668631,-52.790618005849886,4237,MEO,0,145,20.85
622,rocket_125,delta,2020-10-22,Plesetsk,62.890162044540844,40.489841351994635,3297,SSO,0,149,28.83
623,rocket_101,vega,2024-07-07,Kourou,5.177910712068458,-52.75617168981427,679,GTO,1,10,30.48
624,rocket_210,falcon,2001-01-26,Kourou,5.240676960515792,-52.74729113167166,5143,SSO,0,124,33.63
625,rocket_5,longmarch,2015-01-10,Cape Canaveral,28.389217071881333,-80.59473352780886,1172,Transfer,1,74,16.47
626,rocket_158,electron,2004-08-30,Kourou,5.2418179411518,-52.80791063560903,1000,SSO,0,118,37.4
627,rocket_215,soyuz,2022-01-26,Cape Canaveral,28.394894377816847,-80.64554157686959,1742,GTO,0,13,11.68
628,rocket_48,delta,2001-12-20,Kourou,5.277863958644199,-52.798237668391266,2986,SSO,1,118,35.46
629,rocket_191,electron,2020-07-25,Vandenberg,34.74490161299018,-120.58555574778592,2818,SSO,0,125,20.85
630,rocket_259,atlas,2005-12-27,Tanegashima,30.399132163097278,130.9264566428682,1148,LEO,0,-14,26.87
631,rocket_223,falcon,2005-11-11,Kourou,5.268995673724816,-52.7823696103952,2889,MEO,1,105,39.8
632,rocket_162,delta,2017-08-17,Plesetsk,62.923061563840065,40.46270837843769,3829,MEO,1,107,40.98
633,rocket_140,vega,2010-06-24,Vandenberg,34.76989250776422,-120.59330428724641,588,GTO,0,47,31.58
634,rocket_300,ariane,2004-11-20,Baikonur,45.98940565792836,63.283466417450576,4207,LEO,0,14,48.39
635,rocket_231,ariane,2020-11-26,Plesetsk,62.94563869084632,40.49393304537532,3474,HEO,0,110,23.18
636,rocket_275,atlas,2016-01-27,Kourou,5.202778331688656,-52.75793495870501,2667,HEO,0,129,20.32
637,rocket_238,delta,2011-11-20,Vandenberg,34.7484851759207,-120.52683513858835,873,LEO,1,18,44.33
638,rocket_156,ariane,2001-10-22,Kourou,5.231018563106939,-52.801457878026234,1068,MEO,1,79,50.71
639,rocket_47,ariane,2011-02-18,Plesetsk,62.918797475096305,40.47768951258929,5808,HEO,1,132,58.73
640,rocket_154,falcon,2011-09-02,Baikonur,45.9544873813203,63.305648140266804,7070,LEO,0,3,81.47
641,rocket_232,electron,2011-03-17,Vandenberg,34.75006873725742,-120.58783422440361,844,HEO,1,127,5.0
642,rocket_72,atlas,2005-06-12,Cape Canaveral,28.40274259881242,-80.62118898280987,500,LEO,1,-32,60.63
643,,,2008-11-20,,30.386518088738647,130.95401137027977,814,,1,111,20.75
644,rocket_299,atlas,2011-08-11,Vandenberg,34.75879327728862,-120.59955035079685,2744,LEO,1,21,22.01
645,rocket_102,atlas,2019-11-22,Baikonur,45.991607633713166,63.33142123476707,1301,LEO,0,30,37.67
646,rocket_63,longmarch,2001-11-30,Satish Dhawan,13.717595515348957,80.2227011422318,1204,LEO,0,12,42.7
647,rocket_294,ariane,2019-06-06,Tanegashima,30.390532920567882,130.9558773143408,6081,HEO,1,117,40.48
648,rocket_196,falcon,2019-02-20,Baikonur,45.992394022153086,63.28327890835764,2220,MEO,1,112,16.72
649,rocket_96,soyuz,2012-05-02,Jiuquan,40.954160312670815,100.30047607419411,3010,HEO,1,104,24.38
650,rocket_18,ariane,2011-01-09,Jiuquan,40.96513368496989,100.28706884507338,7002,HEO,0,84,16.54
651,rocket_282,electron,2021-06-27,Cape Canaveral,28.392586972706177,-80.58208003201527,606,LEO,1,21,6.32
652,rocket_197,delta,2006-02-26,Tanegashima,30.365100690392637,130.9470485500338,6193,GTO,1,54,52.45
653,rocket_279,soyuz,2000-11-15,Tanegashima,30.36423077078755,130.9768585953859,2799,Transfer,1,121,21.1
654,rocket_246,longmarch,2024-06-04,Satish Dhawan,13.736762106646466,80.25365677155071,2689,MEO,1,143,57.74
655,rocket_199,longmarch,2012-02-17,Baikonur,45.942071993865646,63.31431546636981,660,LEO,1,22,17.93
656,rocket_113,longmarch,2001-04-25,Jiuquan,40.95137660535931,100.31343129349825,4234,LEO,0,31,37.71
657,rocket_272,vega,2016-01-13,Kourou,5.246409756895485,-52.78435856019375,2288,GTO,0,46,23.08
658,rocket_127,atlas,2010-10-26,Jiuquan,40.978222934416266,100.29832651377468,567,SSO,1,128,21.33
659,rocket_113,falcon,2017-06-03,Plesetsk,62.956337465803095,40.48278560901762,5790,GTO,1,54,36.76
660,rocket_122,ariane,2014-04-07,Plesetsk,62.89532823220425,40.480259978242756,3984,SSO,1,100,29.71
661,rocket_181,falcon,2006-05-17,Kourou,5.235015901676532,-52.75821832243699,4571,HEO,0,125,38.86
662,rocket_90,delta,2021-12-31,Cape Canaveral,28.393278642483914,-80.62391521838593,5301,LEO,1,3,15.97
663,rocket_120,falcon,2009-10-24,Cape Canaveral,28.423769868628693,-80.63088323703705,4165,SSO,1,97,58.12
664,rocket_1,vega,2014-11-18,Kourou,5.234937863966062,-52.779019636070764,4445,GTO,0,17,41.46
665,rocket_91,longmarch,2014-07-07,Cape Canaveral,28.375019068200547,-80.58977297736047,836,LEO,0,36,48.0
666,rocket_73,ariane,2004-12-22,Plesetsk,62.90619612560368,40.51090390148554,4636,LEO,0,10,61.49
667,rocket_203,longmarch,2004-07-13,Plesetsk,62.9092724971872,40.48902954475111,3142,MEO,0,122,28.28
668,rocket_70,longmarch,2007-01-24,Tanegashima,30.392456487020112,130.93767686553258,245,Transfer,0,147,42.59
669,rocket_163,vega,2007-10-25,Plesetsk,62.940984611614404,40.447666815749464,341,GTO,0,50,25.43
670,rocket_194,ariane,2013-10-05,Jiuquan,40.97764937286866,100.27371632804399,8257,GTO,1,60,41.44
671,rocket_1,ariane,2017-07-25,Cape Canaveral,28.3911418274302,-80.61563430374387,7904,GTO,1,34,37.26
672,rocket_114,longmarch,2004-09-01,Satish Dhawan,13.708572108175707,80.24703233572362,397,GTO,1,21,57.31
673,rocket_40,longmarch,2010-09-04,Plesetsk,62.9625217456076,40.462784499725366,918,MEO,0,144,29.83
674,rocket_46,ariane,2015-01-22,Satish Dhawan,13.730815734270648,80.1869685719048,3460,LEO,1,2,52.94
675,rocket_108,delta,2011-03-12,Vandenberg,34.7605296375021,-120.56782673943727,4983,MEO,0,147,25.27
676,rocket_56,delta,2000-01-21,Cape Canaveral,28.389933705891007,-80.59587390929848,8459,HEO,0,98,26.19
677,rocket_215,vega,2007-06-18,Tanegashima,30.36968756356439,130.9777303116701,1872,HEO,1,94,30.34
678,rocket_180,electron,2024-06-29,Tanegashima,30.397920551500267,130.90024987117204,627,LEO,1,16,25.36
679,rocket_296,vega,2010-02-12,Baikonur,45.97843396367643,63.29354636719681,466,HEO,0,153,23.83
680,rocket_18,atlas,2013-03-24,Cape Canaveral,28.365938253066467,-80.61644510028927,2212,MEO,1,141,36.38
681,rocket_54,delta,2003-04-30,Plesetsk,62.89770606252612,40.49829629289689,5772,GTO,1,16,29.11
682,rocket_83,electron,2003-05-13,Vandenberg,34.73748687238575,-120.54461951274075,485,MEO,1,136,31.93
683,rocket_16,vega,2019-05-07,Baikonur,45.97063837576253,63.301545263496656,1774,SSO,1,116,9.38
684,rocket_81,electron,2002-05-27,Vandenberg,34.735694066894276,-120.59122045401332,1234,MEO,1,134,62.32
685,rocket_98,soyuz,2018-05-11,Jiuquan,40.95413041156247,100.27513173654854,992,Transfer,1,106,40.31
686,rocket_153,delta,2010-08-27,Vandenberg,34.7550461230322,-120.60502670220835,5395,LEO,1,-2,30.53
687,rocket_293,electron,2022-01-08,Baikonur,45.98565113624708,63.33627800289799,1460,LEO,1,33,40.98
688,rocket_2,longmarch,2019-03-07,Vandenberg,34.7212586785286,-120.55909262129934,1848,MEO,0,149,19.51
689,rocket_103,vega,2004-05-08,Cape Canaveral,28.390955030523887,-80.60024226968332,1092,GTO,1,19,
690,rocket_150,ariane,2003-09-04,Satish Dhawan,13.70004267997829,80.20149589471175,5866,LEO,0,17,42.96
691,rocket_204,delta,2021-02-14,Satish Dhawan,13.718053892123985,80.26152614776962,6332,Transfer,1,117,38.82
692,rocket_47,delta,2024-05-28,Tanegashima,30.376625568441124,130.95624213836567,5980,GTO,1,53,35.35
693,rocket_196,longmarch,2016-07-27,Baikonur,45.9689735171506,63.315350401983146,5276,HEO,0,120,25.9
694,rocket_135,falcon,2019-09-22,Satish Dhawan,13.751753399965658,80.23078688141624,933,MEO,1,124,42.67
695,rocket_138,soyuz,2002-10-06,Baikonur,45.94331859030192,63.31215445538945,1877,Transfer,1,122,28.22
696,rocket_44,atlas,2015-06-03,Tanegashima,30.3853774236088,130.96691610042055,544,SSO,1,92,40.52
697,rocket_284,soyuz,2002-09-26,Tanegashima,30.414977434718793,130.99755479386295,503,SSO,1,108,35.73
698,rocket_275,electron,2021-04-19,Kourou,5.225304866583113,-52.76210057088583,169,HEO,0,115,23.9
699,rocket_41,delta,2017-09-16,Cape Canaveral,28.412460477132214,-80.62498668138537,2005,SSO,1,133,11.03
700,rocket_62,ariane,2020-02-22,Baikonur,45.98558826201911,63.32093403854142,5522,GTO,1,21,46.21
701,rocket_99,soyuz,2005-08-29,Cape Canaveral,28.39784443793346,-80.59294839600335,530,HEO,0,120,41.06
702,rocket_223,atlas,2009-01-21,Baikonur,45.970581677166905,63.31083127353364,2657,SSO,1,98,5.0
703,rocket_164,delta,2003-01-02,Vandenberg,34.740662181168105,-120.54330687042342,1618,HEO,1,89,36.28
704,,,2014-08-18,,40.957597660974926,100.27301987664104,966,,1,117,33.96
705,rocket_7,vega,2023-06-10,Tanegashima,30.37301599294137,130.9645302027634,1472,LEO,0,0,5.0
706,rocket_77,electron,2006-08-25,Vandenberg,34.77054610728578,-120.58078869505317,1220,LEO,1,0,39.78
707,rocket_147,atlas,2024-01-10,Plesetsk,62.92016846735563,40.48934386123838,2012,HEO,1,112,36.22
708,rocket_197,delta,2021-10-12,Satish Dhawan,13.70298653791012,80.23011802068187,3120,LEO,0,11,27.24
709,rocket_142,ariane,2018-01-28,Baikonur,45.985131914305555,63.330642714807205,4874,SSO,0,85,54.99
710,rocket_20,electron,2017-10-02,Plesetsk,62.88877366216675,40.47385958493059,256,Transfer,1,131,39.3
711,rocket_26,soyuz,2021-04-25,Jiuquan,40.956630310829695,100.28066206756914,436,MEO,1,124,54.02
712,rocket_173,falcon,2013-08-05,Jiuquan,40.949363158012964,100.30788721906859,5373,MEO,0,76,42.06
713,rocket_51,vega,2010-03-23,Baikonur,45.95226989274701,63.306138528417414,4749,MEO,0,122,39.25
714,rocket_165,vega,2012-02-01,Tanegashima,30.36125971800601,130.92998888071313,854,SSO,0,110,17.61
715,rocket_97,atlas,2019-10-25,Kourou,5.236892154488686,-52.74285840463038,348,HEO,1,109,32.26
716,rocket_265,vega,2016-10-09,Cape Canaveral,28.370035558577523,-80.59701466618482,5688,SSO,1,107,14.78
717,rocket_34,ariane,2013-12-15,Tanegashima,30.399122368695487,130.9691835046688,3637,GTO,1,53,38.02
718,rocket_89,falcon,2008-08-24,Kourou,5.220564560852142,-52.73580958668448,5343,LEO,1,27,42.89
719,rocket_17,soyuz,2020-06-22,Cape Canaveral,28.396734908488696,-80.61880727587422,954,MEO,1,99,5.0
720,rocket_141,soyuz,2016-07-10,Satish Dhawan,13.712062464692263,80.21004471381846,50,SSO,1,133,39.06
721,rocket_64,electron,2001-05-15,Kourou,5.21976156681784,-52.77349024599098,1554,MEO,0,101,39.05
722,rocket_229,vega,2007-12-19,Satish Dhawan,13.736442308571316,80.23355948624503,1292,SSO,0,109,
723,rocket_177,longmarch,2007-05-03,Jiuquan,40.97841044355291,100.3056181867583,2043,Transfer,1,128,45.02
724,rocket_146,atlas,2001-03-25,Tanegashima,30.38394787874138,130.9469753178442,695,LEO,1,26,51.21
725,rocket_293,ariane,2009-08-12,Kourou,5.2349787866977,-52.772937707931376,4102,Transfer,1,109,34.89
726,rocket_106,soyuz,2012-01-26,Tanegashima,30.375062954538127,130.98159980736878,4790,SSO,0,110,38.15
727,rocket_5,falcon,2021-04-07,Baikonur,45.93981868748139,63.32074033139282,6965,Transfer,1,164,67.99
728,rocket_5,ariane,2010-01-14,Jiuquan,40.97639839444361,100.31769138051506,7047,SSO,1,124,68.8
729,rocket_141,delta,2019-01-04,Tanegashima,30.352314390937075,130.9539653248316,5653,MEO,0,129,28.95
730,rocket_130,vega,2009-10-15,Satish Dhawan,13.701110735160281,80.25278489835128,1546,MEO,1,106,26.46
731,rocket_300,electron,2004-08-03,Cape Canaveral,28.355391146276553,-80.62469740280459,88,SSO,1,108,49.63
732,rocket_288,longmarch,2012-09-05,Jiuquan,40.93664067141565,100.31604159552893,1378,Transfer,0,127,5.0
733,rocket_247,atlas,2002-11-11,Plesetsk,62.92868212975777,40.465295854934816,1073,MEO,1,157,44.56
734,rocket_142,longmarch,2011-09-18,Jiuquan,40.947452548920104,100.29732069938282,6529,GTO,1,42,38.5
735,rocket_265,ariane,2010-10-12,Cape Canaveral,28.39339039686551,-80.63286009308835,6422,SSO,1,105,57.82
736,,,2006-04-11,,28.38215233356058,-80.60848959274676,1462,,0,140,37.32
737,rocket_152,vega,2011-08-21,Tanegashima,30.390746450112932,130.95959079278413,3696,HEO,1,108,30.33
738,rocket_19,electron,2008-07-08,Plesetsk,62.92584184500246,40.45729766398551,585,Transfer,1,123,35.97
739,rocket_274,soyuz,2021-05-04,Plesetsk,62.92727963631938,40.446759019535676,128,SSO,1,83,45.71
740,rocket_88,delta,2008-02-15,Jiuquan,40.97491468482342,100.34618723801165,5982,LEO,1,29,38.08
741,rocket_66,vega,2011-08-08,Baikonur,45.94816012440477,63.30765575630154,4870,Transfer,0,102,44.44
742,rocket_46,longmarch,2009-12-20,Plesetsk,62.94943723009588,40.468266420753736,3516,GTO,0,3,29.67
743,rocket_216,delta,2014-11-11,Plesetsk,62.929589238702505,40.43228673288393,6458,MEO,1,113,41.11
744,rocket_238,delta,2005-04-13,Satish Dhawan,13.734773035510804,80.22630246672271,6879,LEO,1,8,9.88
745,rocket_242,atlas,2008-09-22,Vandenberg,34.73325585106104,-120.6049156319615,562,Transfer,0,106,29.18
746,rocket_272,electron,2013-05-20,Tanegashima,30.375825749111748,130.97774317797317,1044,LEO,1,19,31.51
747,rocket_71,ariane,2008-12-25,Plesetsk,62.92872860378175,40.46351792368832,5668,HEO,1,85,53.32
748,rocket_74,vega,2014-03-11,Baikonur,45.928584794443964,63.29088453033809,1483,LEO,1,16,19.3
749,rocket_171,vega,2007-12-07,Plesetsk,62.93326223537148,40.474596638325764,2283,Transfer,1,94,17.55
750,rocket_3,falcon,2020-04-11,Jiuquan,40.98117537982847,100.30833370090338,6612,GTO,1,29,51.02
751,rocket_296,ariane,2007-02-08,Satish Dhawan,13.721408354852251,80.20990143866828,5496,LEO,0,15,62.08
752,rocket_223,ariane,2019-04-06,Tanegashima,30.372316395786463,130.96738717491274,5493,HEO,1,119,28.94
753,rocket_197,vega,2000-03-17,Cape Canaveral,28.39033374535157,-80.62440134090478,3846,SSO,0,105,5.15
754,rocket_192,soyuz,2000-08-18,Plesetsk,62.92999195915038,40.47395654349416,800,SSO,1,114,29.79
755,rocket_10,soyuz,2000-03-08,Kourou,5.236812281739311,-52.73934827763549,1372,GTO,1,55,36.39
756,rocket_160,longmarch,2005-10-13,Vandenberg,34.73051798649433,-120.56167172200217,1665,HEO,0,106,20.11
757,rocket_86,delta,2002-12-05,Cape Canaveral,28.394794338835187,-80.58586001920064,7067,MEO,0,135,12.35
758,rocket_234,delta,2023-05-04,Plesetsk,62.92974704958814,40.530363471101204,2555,HEO,0,102,29.84
759,rocket_176,ariane,2021-12-27,Plesetsk,62.909371501876656,40.50008331880201,4631,GTO,1,96,59.75
760,rocket_207,ariane,2000-11-09,Kourou,5.246993663725805,-52.73197139801467,3015,GTO,1,36,35.07
761,rocket_109,ariane,2000-12-25,Baikonur,45.94925049390225,63.277112886666615,2396,LEO,1,24,53.4
762,rocket_20,longmarch,2016-10-30,Jiuquan,40.94224047790779,100.33292339263534,2483,SSO,0,112,33.21
763,rocket_25,falcon,2004-11-06,Cape Canaveral,28.37903191159903,-80.63610729388533,3729,LEO,1,10,71.58
764,rocket_214,atlas,2019-12-06,Tanegashima,30.377989121793266,130.97241500419236,1371,LEO,1,8,22.35
765,,,2006-11-13,,5.250487090225313,-52.76677687080129,9763,,1,122,50.82
766,rocket_155,falcon,2018-11-17,Vandenberg,34.73172198746702,-120.59637902795988,6520,Transfer,0,125,42.39
767,rocket_71,delta,2018-10-15,Vandenberg,34.76841500255652,-120.56901249897457,8569,SSO,1,111,5.0
768,rocket_145,atlas,2005-02-10,Vandenberg,34.72087938400066,-120.57753890250244,1387,HEO,1,156,37.59
769,rocket_103,soyuz,2011-10-18,Kourou,5.2200734670934095,-52.76464373510648,1115,MEO,1,133,25.96
770,rocket_152,electron,2007-03-12,Cape Canaveral,28.384840559533604,-80.63683473990048,3662,SSO,0,139,29.8
771,rocket_107,vega,2021-07-24,Plesetsk,62.91606027833089,40.45849824842079,2138,GTO,1,36,42.24
772,rocket_7,falcon,2003-12-29,Vandenberg,34.70945990158266,-120.53194819538861,1945,SSO,1,111,38.92
773,rocket_77,vega,2004-01-15,Vandenberg,34.72883180129763,-120.56315092027747,3005,Transfer,0,104,47.54
774,rocket_132,atlas,2010-05-15,Satish Dhawan,13.74571516848245,80.28215817947061,225,MEO,0,93,40.86
775,rocket_238,delta,2002-03-31,Vandenberg,34.754196581553266,-120.61399266564494,2600,GTO,0,67,13.6
776,rocket_149,falcon,2016-02-27,Plesetsk,62.902662065793194,40.49926753027077,6354,HEO,0,152,56.24
777,rocket_49,atlas,2002-01-21,Cape Canaveral,28.389136263951478,-80.64301903773342,710,GTO,1,31,50.89
778,rocket_169,ariane,2016-01-14,Satish Dhawan,13.737057976505827,80.24147139062136,9027,SSO,0,115,45.31
779,rocket_48,delta,2016-09-18,Plesetsk,62.9464769251452,40.45706303482016,4485,GTO,1,14,24.8
780,rocket_206,atlas,2017-12-14,Satish Dhawan,13.689699175760296,80.22598923541688,4314,MEO,1,106,26.1
781,rocket_245,electron,2018-12-01,Baikonur,45.96850349898618,63.28569447320801,112,LEO,1,28,31.4
782,rocket_31,ariane,2007-02-24,Vandenberg,34.75151176871857,-120.60733791382691,4856,HEO,0,109,53.27
783,rocket_292,vega,2019-08-27,Baikonur,45.9448895997097,63.28547507097091,577,SSO,1,144,27.25
784,rocket_184,electron,2001-04-17,Baikonur,45.94392329009272,63.313556287903054,94,HEO,1,113,41.56
785,rocket_58,vega,2018-06-13,Satish Dhawan,13.716728598153077,80.22066047399625,2903,LEO,0,20,29.63
786,rocket_134,atlas,2014-02-04,Cape Canaveral,28.400188402116022,-80.58241380804989,1740,Transfer,1,132,35.63
787,rocket_174,soyuz,2023-04-14,Vandenberg,34.72943028587378,-120.5782526124066,579,HEO,1,113,5.0
788,rocket_247,soyuz,2015-07-05,Tanegashima,30.402264579502646,130.95092747854204,879,GTO,1,41,7.54
789,rocket_6,falcon,2007-01-15,Satish Dhawan,13.717670184257498,80.25923610658032,4022,HEO,1,141,39.23
790,rocket_39,ariane,2022-01-20,Plesetsk,62.9784399063499,40.42701135091598,4276,GTO,0,53,61.1
791,rocket_143,longmarch,2002-04-04,Kourou,5.249732563838923,-52.77102304573247,1717,SSO,1,133,13.9
792,rocket_207,electron,2010-07-17,Vandenberg,34.71538589737338,-120.61595935464389,549,HEO,0,147,7.31
793,rocket_294,vega,2020-02-06,Vandenberg,34.75113004670335,-120.57741120737238,898,HEO,1,141,7.85
794,rocket_162,vega,2005-04-28,Satish Dhawan,13.69614469520165,80.22245353494898,758,Transfer,0,82,34.67
795,rocket_53,falcon,2018-02-04,Tanegashima,30.393176248227,130.94884057043797,6068,LEO,1,19,39.15
796,rocket_47,falcon,2013-08-30,Kourou,5.22181137685343,-52.755108091351694,2331,Transfer,1,104,63.14
797,rocket_175,vega,2016-04-19,Cape Canaveral,28.33541398024202,-80.59009955273066,264,GTO,0,25,24.06
798,rocket_170,vega,2021-03-22,Plesetsk,62.9132790048593,40.45965575506704,158,Transfer,0,104,5.0
799,rocket_59,vega,2004-05-15,Kourou,5.183913061295706,-52.77850916828414,714,LEO,1,23,35.39
800,rocket_182,longmarch,2013-02-04,Plesetsk,62.90000453861237,40.5073633858612,895,Transfer,1,135,26.67
